1582003492.3888535,15.58,0.02
1582003497.3313715,15.58,0.02
1582003502.3738065,15.58,0.02
1582003507.3642435,15.58,0.03
1582003512.3790703,15.58,0.02
1582003517.4382372,15.58,0.01
1582003522.4217126,15.48,0.61
1582003527.4949875,15.48,0.62
1582003532.4923842,15.47,0.63
1582003537.4744122,15.47,0.63
1582003542.478393,15.48,0.63
1582003547.5440502,15.48,0.61
1582003552.5180764,15.48,0.61
1582003557.5726178,15.48,0.61
1582003562.5753982,15.48,0.63
1582003567.5615556,15.48,0.63
1582003572.6151402,15.48,0.61
1582003577.631121,15.48,0.61
1582003582.6204288,15.48,0.62
1582003587.6391795,15.48,0.63
1582003592.7000046,15.48,0.63
1582003597.9135392,15.48,0.62
1582003602.7317522,15.48,0.61
1582003607.6963344,15.48,0.60
1582003612.7040772,15.48,0.61
1582003617.7269006,15.48,0.61
1582003622.7878075,15.48,0.62
1582003627.7789943,15.47,0.63
1582003632.7770007,15.47,0.63
1582003637.7943168,15.47,0.62
1582003642.8446128,15.47,0.62
1582003647.8467848,15.47,0.62
1582003652.8389237,15.47,0.62
1582003657.8963616,15.47,0.62
1582003662.8805683,15.47,0.62
1582003667.898156,15.47,0.63
1582003672.937493,15.47,0.62
1582003677.948597,15.47,0.61
1582003682.9434822,15.47,0.61
1582003688.0006633,15.47,0.61
1582003692.9836571,15.47,0.61
1582003697.9920506,15.47,0.60
1582003702.9997003,15.47,0.60
1582003708.0644405,15.47,0.60
1582003713.0825524,15.47,0.60
1582003718.0532212,15.47,0.61
1582003723.107409,15.47,0.61
1582003728.1012752,15.47,0.61
1582003733.1622832,15.47,0.61
1582003738.1477063,15.46,0.61
1582003743.1889572,15.46,0.61
1582003748.1449242,15.46,0.61
1582003753.1628425,15.46,0.60
1582003758.2208173,15.46,0.60
1582003763.2235374,15.46,0.61
1582003768.2349374,15.46,0.62
1582003773.286957,15.46,0.62
1582003778.2589395,15.46,0.61
1582003783.3272586,15.46,0.60
1582003788.2900388,15.46,0.60
1582003793.3074613,15.46,0.61
1582003798.327224,15.46,0.62
1582003803.338866,15.46,0.61
1582003808.4019039,15.46,0.60
1582003813.3706322,15.46,0.60
1582003818.3856695,15.46,0.61
1582003823.4613678,15.46,0.62
1582003828.4320672,15.46,0.61
1582003833.4850485,15.46,0.60
1582003838.4568682,15.46,0.60
1582003843.4675379,15.46,0.61
1582003848.5329833,15.46,0.62
1582003853.5028057,15.46,0.62
1582003858.56431,15.46,0.61
1582003863.5900106,15.46,0.60
1582003868.577667,15.46,0.60
1582003873.6113453,15.46,0.60
1582003878.645138,15.46,0.61
1582003883.6241014,15.46,0.62
1582003888.6542494,15.46,0.61
1582003893.6388054,15.46,0.60
1582003898.6835284,15.46,0.60
1582003903.681968,15.46,0.62
1582003908.687226,15.46,0.61
1582003913.7097933,15.45,0.60
1582003918.7758117,15.45,0.60
1582003923.7836308,15.46,0.61
1582003928.7968495,15.45,0.62
1582003933.8400428,15.45,0.60
1582003938.8061893,15.46,0.60
1582003943.822955,15.45,0.61
1582003948.8397255,15.45,0.61
1582003953.8776364,15.45,0.60
1582003958.8707662,15.45,0.59
1582003963.8882434,15.45,0.60
1582003968.955111,15.45,0.62
1582003973.9320614,15.45,0.61
1582003978.9359105,15.45,0.59
1582003983.9739466,15.45,0.60
1582003988.962174,15.45,0.61
1582003993.9989522,15.45,0.61
1582003999.053951,15.45,0.60
1582004004.0789733,15.45,0.60
1582004009.0363886,15.45,0.61
1582004014.055013,15.45,0.61
1582004019.1209252,15.45,0.61
1582004024.086537,15.45,0.61
1582004029.1544075,15.45,0.60
1582004034.1747906,15.45,0.59
1582004039.1348662,15.45,0.60
1582004044.1470134,15.45,0.61
1582004049.1815856,15.45,0.61
1582004054.2260165,15.45,0.62
1582004059.1993415,15.45,0.61
1582004064.2219155,15.45,0.61
1582004069.2698276,15.45,0.61
1582004074.2537682,15.45,0.61
1582004079.2712133,15.45,0.61
1582004084.311982,15.45,0.61
1582004089.3045783,15.44,0.62
1582004094.3552828,15.44,0.61
1582004099.343593,15.44,0.61
1582004104.3881817,15.44,0.60
1582004109.4022808,15.44,0.60
1582004114.390976,15.44,0.59
1582004119.40635,15.44,0.60
1582004124.423111,15.44,0.60
1582004129.4570858,15.44,0.61
1582004134.4613745,15.44,0.61
1582004139.4717214,15.44,0.61
1582004144.532478,15.44,0.61
1582004149.5095413,15.44,0.60
1582004154.524519,15.44,0.59
1582004159.5710237,15.44,0.60
1582004164.5842543,15.44,0.61
1582004169.564519,15.44,0.62
1582004174.5906186,15.44,0.62
1582004179.6057355,15.44,0.61
1582004184.6440475,15.44,0.60
1582004189.6800704,15.44,0.59
1582004194.6971347,15.44,0.60
1582004199.672268,15.44,0.60
1582004204.688658,15.44,0.61
1582004209.7197685,15.44,0.62
1582004214.779116,15.44,0.62
1582004219.750322,15.44,0.61
1582004224.8043501,15.44,0.60
1582004229.8083777,15.44,0.59
1582004234.7940989,15.44,0.60
1582004239.8086615,15.44,0.61
1582004244.8247657,15.44,0.62
1582004249.8432226,15.44,0.61
1582004254.848529,15.44,0.59
1582004259.8726723,15.44,0.60
1582004264.9248958,15.44,0.61
1582004269.907014,15.44,0.61
1582004274.9713914,15.44,0.61
1582004279.9872904,15.44,0.60
1582004284.9550564,15.44,0.59
1582004290.018186,15.44,0.60
1582004294.9893541,15.44,0.62
1582004300.0623908,15.44,0.61
1582004305.0271354,15.44,0.60
1582004310.102042,15.44,0.59
1582004315.0820403,15.44,0.60
1582004320.1316407,15.44,0.60
1582004325.090813,15.44,0.61
1582004330.1068242,15.44,0.61
1582004335.1231,15.43,0.62
1582004340.1892407,15.44,0.61
1582004345.187438,15.43,0.61
1582004350.202691,15.44,0.60
1582004355.1881673,15.43,0.60
1582004360.2427037,15.43,0.59
1582004365.2600367,15.44,0.60
1582004370.241937,15.43,0.61
1582004375.2616751,15.43,0.61
1582004380.322929,15.43,0.61
1582004385.3044038,15.43,0.60
1582004390.306379,15.43,0.60
1582004395.3236659,15.43,0.61
1582004400.392481,15.43,0.61
1582004405.4001226,15.43,0.60
1582004410.3643992,15.43,0.59
1582004415.4301362,15.43,0.60
1582004420.4441369,15.43,0.61
1582004425.4266348,15.43,0.61
1582004430.486478,15.43,0.61
1582004435.458875,15.43,0.60
1582004440.476852,15.43,0.60
1582004445.5342524,15.43,0.61
1582004450.505957,15.43,0.61
1582004455.5041192,15.43,0.61
1582004460.5367916,15.43,0.60
1582004465.545025,15.43,0.59
1582004470.5703769,15.43,0.60
1582004475.5768526,15.43,0.61
1582004480.6397526,15.43,0.61
1582004485.6194832,15.43,0.61
1582004490.649883,15.43,0.60
1582004495.6677878,15.42,0.59
1582004500.6679645,15.43,0.60
1582004505.716223,15.43,0.61
1582004510.692786,15.42,0.61
1582004515.7465162,15.42,0.60
1582004520.7282617,15.42,0.59
1582004525.7617815,15.43,0.60
1582004530.7581792,15.42,0.60
1582004535.829157,15.42,0.60
1582004540.792149,15.42,0.60
1582004545.8050828,15.42,0.60
1582004550.8458216,15.42,0.61
1582004555.8413975,15.42,0.61
1582004560.9240692,15.42,0.61
1582004565.886545,15.42,0.61
1582004570.8944087,15.42,0.61
1582004575.9047258,15.42,0.61
1582004580.9215937,15.42,0.61
1582004585.9404085,15.42,0.61
1582004590.965169,15.42,0.61
1582004596.0321386,15.42,0.60
1582004601.0448675,15.42,0.60
1582004606.0302436,15.42,0.59
1582004611.0170314,15.42,0.59
1582004616.0451486,15.42,0.60
1582004621.0649705,15.42,0.60
1582004626.0833948,15.42,0.61
1582004631.0958629,15.42,0.61
1582004636.1157198,15.42,0.61
1582004641.1255949,15.42,0.61
1582004646.1797824,15.42,0.61
1582004651.1876047,15.42,0.61
1582004656.213589,15.42,0.61
1582004661.2439516,15.42,0.61
1582004666.21391,15.42,0.61
1582004671.2236605,15.42,0.61
1582004676.2503042,15.42,0.61
1582004681.316746,15.42,0.61
1582004686.2860346,15.42,0.61
1582004691.2898488,15.42,0.61
1582004696.3076258,15.42,0.60
1582004701.32513,15.42,0.60
1582004706.3797266,15.42,0.59
1582004711.3584883,15.42,0.60
1582004716.3877535,15.41,0.61
1582004721.4048076,15.42,0.61
1582004726.4164317,15.41,0.61
1582004731.433082,15.41,0.60
1582004736.4779077,15.41,0.59
1582004741.5104768,15.41,0.60
1582004746.5244708,15.41,0.61
1582004751.50293,15.41,0.61
1582004756.5323884,15.41,0.61
1582004761.5459766,15.41,0.59
1582004766.5919342,15.41,0.59
1582004771.5629542,15.41,0.60
1582004776.5848806,15.41,0.61
1582004781.6228518,15.41,0.61
1582004786.622776,15.41,0.62
1582004791.664597,15.41,0.61
1582004796.6459203,15.41,0.61
1582004801.668923,15.41,0.60
1582004806.6832185,15.41,0.60
1582004811.7163086,15.41,0.59
1582004816.715884,15.41,0.59
1582004821.7648814,15.41,0.59
1582004826.740011,15.41,0.60
1582004831.7921731,15.41,0.60
1582004836.7808676,15.41,0.61
1582004841.8045433,15.41,0.61
1582004846.8674576,15.41,0.61
1582004851.836909,15.41,0.61
1582004856.8901372,15.41,0.61
1582004861.90822,15.41,0.62
1582004866.8893833,15.41,0.61
1582004871.9348764,15.41,0.61
1582004876.9160151,15.41,0.61
1582004881.9488769,15.41,0.61
1582004886.959989,15.41,0.60
1582004891.9664817,15.40,0.60
1582004897.0299654,15.40,0.60
1582004902.030958,15.40,0.59
1582004907.066047,15.40,0.60
1582004912.0276818,15.40,0.60
1582004917.0607643,15.40,0.60
1582004922.0982294,15.40,0.60
1582004927.0728104,15.40,0.60
1582004932.1059556,15.40,0.60
1582004937.161405,15.40,0.60
1582004942.1721375,15.40,0.60
1582004947.1493468,15.40,0.61
1582004952.1696005,15.40,0.61
1582004957.1834877,15.40,0.61
1582004962.1984627,15.40,0.61
1582004967.2157483,15.40,0.61
1582004972.2540467,15.40,0.61
1582004977.2439358,15.40,0.61
1582004982.2663102,15.40,0.61
1582004987.299504,15.40,0.61
1582004992.3302503,15.40,0.61
1582004997.3486598,15.40,0.62
1582005002.3719645,15.40,0.62
1582005007.3628962,15.40,0.62
1582005012.3975983,15.40,0.62
1582005017.374826,15.40,0.62
1582005022.421842,15.40,0.61
1582005027.4381468,15.40,0.61
1582005032.4525554,15.40,0.61
1582005037.4692361,15.40,0.61
1582005042.4695752,15.40,0.61
1582005047.4879615,15.40,0.61
1582005052.505326,15.40,0.61
1582005057.5580025,15.40,0.61
1582005062.5386834,15.39,0.61
1582005067.5536852,15.39,0.61
1582005072.6195652,15.39,0.61
1582005077.5743659,15.39,0.61
1582005082.6183195,15.39,0.61
1582005087.6348205,15.39,0.60
1582005092.6430535,15.39,0.60
1582005097.6405256,15.39,0.60
1582005102.6622305,15.39,0.60
1582005107.7111163,15.39,0.60
1582005112.6950202,15.39,0.61
1582005117.7258892,15.39,0.61
1582005122.7794683,15.39,0.62
1582005127.7519557,15.39,0.62
1582005132.8095202,15.39,0.62
1582005137.8025048,15.39,0.62
1582005142.802634,15.39,0.62
1582005147.8397908,15.39,0.62
1582005152.8745205,15.39,0.62
1582005157.8523996,15.39,0.61
1582005162.9069974,15.39,0.61
1582005167.939557,15.39,0.61
1582005172.92181,15.39,0.61
1582005177.918908,15.39,0.61
1582005182.9704463,15.39,0.61
1582005188.00647,15.38,0.61
1582005192.9946716,15.39,0.61
1582005197.9911911,15.38,0.60
1582005203.094559,15.38,0.60
1582005208.066407,15.39,0.60
1582005213.0681264,15.38,0.60
1582005218.0514853,15.38,0.60
1582005223.1282957,15.38,0.61
1582005228.0917857,15.38,0.62
1582005233.10788,15.38,0.62
1582005238.1153932,15.38,0.61
1582005243.1398063,15.38,0.61
1582005248.1552577,15.38,0.61
1582005253.1777418,15.38,0.62
1582005258.2022877,15.38,0.62
1582005263.202225,15.38,0.62
1582005268.2353632,15.38,0.62
1582005273.2392645,15.38,0.61
1582005278.26742,15.38,0.60
1582005283.3038125,15.38,0.60
1582005288.3042643,15.38,0.60
1582005293.310281,15.38,0.60
1582005298.3216639,15.38,0.61
1582005303.3419623,15.38,0.62
1582005308.3557875,15.38,0.62
1582005313.371356,15.38,0.61
1582005318.3934202,15.38,0.60
1582005323.412272,15.38,0.60
1582005328.426668,15.38,0.60
1582005333.435057,15.38,0.61
1582005338.5074549,15.38,0.62
1582005343.5130293,15.38,0.62
1582005348.4947417,15.38,0.60
1582005353.560572,15.38,0.60
1582005358.5400105,15.38,0.62
1582005363.5383217,15.38,0.62
1582005368.6085808,15.38,0.60
1582005373.572836,15.38,0.60
1582005378.5922775,15.38,0.62
1582005383.6132262,15.37,0.62
1582005388.6298583,15.37,0.60
1582005393.6428225,15.37,0.60
1582005398.7006233,15.37,0.62
1582005403.698708,15.37,0.62
1582005408.71944,15.37,0.60
1582005413.7141485,15.37,0.60
1582005418.7293406,15.37,0.62
1582005423.747816,15.37,0.62
1582005428.7538335,15.37,0.60
1582005433.7696671,15.37,0.60
1582005438.7965267,15.37,0.62
1582005443.8230853,15.37,0.62
1582005448.826997,15.37,0.60
1582005453.8502917,15.37,0.60
1582005458.8612776,15.37,0.62
1582005463.8991587,15.37,0.61
1582005468.9113173,15.37,0.60
1582005473.9119425,15.37,0.61
1582005478.932579,15.37,0.62
1582005483.9637055,15.37,0.60
1582005488.9588661,15.37,0.60
1582005493.980364,15.37,0.61
1582005498.9882383,15.37,0.62
1582005504.0181937,15.37,0.61
1582005509.0332139,15.37,0.60
1582005514.0467653,15.37,0.60
1582005519.061999,15.37,0.62
1582005524.0767958,15.37,0.62
1582005529.094921,15.36,0.61
1582005534.1156788,15.37,0.61
1582005539.1277432,15.37,0.60
1582005544.1424706,15.37,0.60
1582005549.1617868,15.37,0.61
1582005554.1792386,15.36,0.61
1582005559.1964707,15.36,0.61
1582005564.2074716,15.36,0.60
1582005569.2244465,15.36,0.60
1582005574.242917,15.36,0.60
1582005579.2670028,15.36,0.58
1582005584.2732823,15.36,0.59
1582005589.297067,15.36,0.60
1582005594.3097634,15.36,0.60
1582005599.3313982,15.36,0.60
1582005604.3405962,15.36,0.60
1582005609.3650532,15.36,0.60
1582005614.4171753,15.36,0.60
1582005619.3919241,15.36,0.58
1582005624.416229,15.36,0.61
1582005629.4385448,15.36,0.60
1582005634.4522579,15.36,0.60
1582005639.4676287,15.36,0.58
1582005644.4798946,15.36,0.60
1582005649.4989643,15.36,0.60
1582005654.5126681,15.36,0.60
1582005659.5339327,15.36,0.59
1582005664.548639,15.36,0.59
1582005669.5586417,15.36,0.63
1582005674.5845745,15.36,0.63
1582005679.5953503,15.36,0.61
1582005684.616048,15.36,0.60
1582005689.632497,15.36,0.61
1582005694.6649487,15.36,0.61
1582005699.6762462,15.36,0.60
1582005704.6806881,15.36,0.61
1582005709.7032835,15.36,0.60
1582005714.7175426,15.36,0.61
1582005719.747252,15.36,0.64
1582005724.747509,15.36,0.63
1582005729.7635715,15.36,0.60
1582005734.7864473,15.36,0.59
1582005739.798538,15.36,0.60
1582005744.816422,15.36,0.61
1582005749.8283665,15.36,0.59
1582005754.8474126,15.36,0.60
1582005759.8623118,15.35,0.64
1582005764.8798463,15.36,0.61
1582005769.9016647,15.36,0.61
1582005774.9178445,15.36,0.61
1582005779.927756,15.35,0.63
1582005784.947638,15.35,0.62
1582005789.9660645,15.35,0.61
1582005794.9917397,15.36,0.61
1582005800.0149095,15.35,0.61
1582005805.035385,15.36,0.59
1582005810.0417325,15.35,0.60
1582005815.0657694,15.35,0.60
1582005820.090267,15.35,0.60
1582005825.0971217,15.36,0.59
1582005830.0990858,15.35,0.60
1582005835.117322,15.35,0.62
1582005840.1471605,15.35,0.63
1582005845.1676166,15.35,0.63
1582005850.1669676,15.35,0.62
1582005855.1814451,15.35,0.62
1582005860.2007408,15.35,0.62
1582005865.2171607,15.35,0.61
1582005870.2317452,15.35,0.61
1582005875.2515018,15.35,0.61
1582005880.2786736,15.35,0.61
1582005885.2889109,15.35,0.60
1582005890.3013809,15.35,0.60
1582005895.317455,15.35,0.60
1582005900.3373842,15.35,0.60
1582005905.3469894,15.35,0.60
1582005910.365382,15.35,0.60
1582005915.3847442,15.35,0.60
1582005920.3958933,15.35,0.61
1582005925.418213,15.35,0.61
1582005930.4366271,15.35,0.62
1582005935.4607399,15.35,0.62
1582005940.466749,15.35,0.61
1582005945.4872468,15.35,0.61
1582005950.5062945,15.35,0.60
1582005955.5171256,15.35,0.60
1582005960.5421126,15.34,0.60
1582005965.5506418,15.34,0.60
1582005970.5671258,15.35,0.60
1582005975.5867274,15.34,0.60
1582005980.647039,15.34,0.60
1582005985.6105657,15.34,0.60
1582005990.635248,15.34,0.60
1582005995.6582427,15.34,0.61
1582006000.6672626,15.34,0.62
1582006005.695245,15.34,0.61
1582006010.6995826,15.34,0.60
1582006015.72561,15.34,0.60
1582006020.7426963,15.34,0.62
1582006025.7559686,15.34,0.62
1582006030.759846,15.34,0.61
1582006035.787679,15.34,0.60
1582006040.8060439,15.34,0.60
1582006045.8363614,15.34,0.60
1582006050.835637,15.34,0.62
1582006055.856838,15.34,0.62
1582006060.864399,15.34,0.62
1582006065.889659,15.34,0.61
1582006070.8971794,15.34,0.60
1582006075.9130282,15.34,0.60
1582006080.9368417,15.34,0.61
1582006085.94736,15.34,0.62
1582006090.9675648,15.34,0.62
1582006095.9814708,15.34,0.61
1582006101.0165238,15.34,0.60
1582006106.0304303,15.34,0.60
1582006111.0870175,15.34,0.62
1582006116.0558188,15.34,0.62
1582006121.0711808,15.34,0.60
1582006126.0909178,15.34,0.60
1582006131.12147,15.34,0.61
1582006136.136652,15.34,0.62
1582006141.1553414,15.34,0.62
1582006146.1465375,15.34,0.61
1582006151.1707804,15.34,0.60
1582006156.1775715,15.34,0.60
1582006161.2056098,15.34,0.61
1582006166.2247517,15.34,0.61
1582006171.2422888,15.34,0.62
1582006176.2633216,15.34,0.62
1582006181.2776794,15.34,0.61
1582006186.3065948,15.34,0.60
1582006191.3365827,15.34,0.60
1582006196.368989,15.34,0.61
1582006201.340528,15.34,0.62
1582006206.3474374,15.34,0.62
1582006211.3715346,15.33,0.61
1582006216.4222577,15.34,0.60
1582006221.444551,15.33,0.60
1582006226.4527335,15.33,0.60
1582006231.468605,15.33,0.60
1582006236.4972727,15.33,0.61
1582006241.4707549,15.33,0.61
1582006246.4918563,15.33,0.62
1582006251.5106509,15.33,0.62
1582006256.5412154,15.33,0.60
1582006261.5380685,15.33,0.60
1582006266.5955496,15.33,0.61
1582006271.5642617,15.33,0.61
1582006276.5962415,15.33,0.62
1582006281.6000814,15.33,0.62
1582006286.6061275,15.33,0.61
1582006291.6294947,15.33,0.61
1582006296.6605937,15.33,0.60
1582006301.6640828,15.33,0.60
1582006306.6874921,15.33,0.60
1582006311.7287803,15.33,0.60
1582006316.7201498,15.33,0.60
1582006321.7287068,15.33,0.60
1582006326.799558,15.33,0.60
1582006331.7658617,15.33,0.60
1582006336.8295517,15.33,0.60
1582006341.840054,15.33,0.60
1582006346.8362772,15.33,0.60
1582006351.858859,15.33,0.60
1582006356.8522298,15.33,0.60
1582006361.8636665,15.33,0.60
1582006366.8827171,15.33,0.60
1582006371.9045298,15.33,0.60
1582006376.9548662,15.33,0.60
1582006381.9383974,15.33,0.60
1582006386.9758472,15.32,0.60
1582006392.0038674,15.33,0.60
1582006396.9781942,15.32,0.61
1582006402.0087965,15.32,0.61
1582006407.0175114,15.32,0.62
1582006412.030338,15.32,0.62
1582006417.0779893,15.32,0.62
1582006422.0669057,15.32,0.62
1582006427.1442716,15.32,0.62
1582006432.1054907,15.32,0.62
1582006437.1236959,15.32,0.62
1582006442.1403694,15.32,0.62
1582006447.1476653,15.32,0.61
1582006452.1702905,15.32,0.61
1582006457.1903803,15.32,0.62
1582006462.1978636,15.32,0.61
1582006467.2225902,15.32,0.61
1582006472.2416992,15.32,0.61
1582006477.2486029,15.32,0.61
1582006482.2761729,15.32,0.61
1582006487.2935479,15.32,0.61
1582006492.3086665,15.32,0.60
1582006497.3242424,15.32,0.60
1582006502.3369243,15.32,0.60
1582006507.3599827,15.32,0.62
1582006512.3911598,15.32,0.62
1582006517.429771,15.32,0.61
1582006522.4478319,15.32,0.60
1582006527.4547086,15.32,0.60
1582006532.4618797,15.32,0.62
1582006537.4647179,15.32,0.61
1582006542.4835687,15.32,0.60
1582006547.4927993,15.32,0.62
1582006552.5037699,15.31,0.60
1582006557.5273736,15.32,0.61
1582006562.5430071,15.31,0.62
1582006567.5566375,15.31,0.60
1582006572.578745,15.31,0.62
1582006577.6035113,15.31,0.60
1582006582.6127067,15.31,0.61
1582006587.6376042,15.31,0.62
1582006592.644305,15.31,0.60
1582006597.6603181,15.31,0.62
1582006602.6794753,15.31,0.60
1582006607.7059124,15.31,0.61
1582006612.7209976,15.31,0.61
1582006617.7340057,15.31,0.60
1582006622.744111,15.31,0.62
1582006627.7553186,15.31,0.60
1582006632.778335,15.31,0.62
1582006637.7924771,15.31,0.61
1582006642.811304,15.31,0.60
1582006647.8235822,15.31,0.62
1582006652.8411067,15.31,0.61
1582006657.862369,15.31,0.60
1582006662.8791745,15.31,0.62
1582006667.893307,15.31,0.60
1582006672.9112945,15.31,0.61
1582006677.923298,15.31,0.61
1582006682.9433846,15.31,0.60
1582006687.958428,15.31,0.62
1582006692.9783835,15.31,0.60
1582006697.9935234,15.31,0.62
1582006703.0141432,15.31,0.61
1582006708.0232923,15.31,0.60
1582006713.0391936,15.31,0.62
1582006718.057475,15.31,0.60
1582006723.0802515,15.31,0.61
1582006728.1002192,15.31,0.62
1582006733.1159222,15.31,0.60
1582006738.1310241,15.31,0.60
1582006743.1378462,15.31,0.62
1582006748.160888,15.31,0.62
1582006753.1774411,15.31,0.60
1582006758.199976,15.31,0.60
1582006763.2134268,15.31,0.62
1582006768.2326508,15.31,0.62
1582006773.244269,15.31,0.61
1582006778.2631164,15.31,0.60
1582006783.277496,15.31,0.60
1582006788.3009355,15.31,0.62
1582006793.3121831,15.30,0.62
1582006798.3609185,15.30,0.60
1582006803.3583615,15.30,0.60
1582006808.354504,15.30,0.62
1582006813.3792205,15.30,0.62
1582006818.393857,15.30,0.60
1582006823.4149106,15.30,0.60
1582006828.4257092,15.30,0.62
1582006833.4497547,15.30,0.62
1582006838.4655108,15.30,0.60
1582006843.4832022,15.30,0.60
1582006848.5043383,15.30,0.61
1582006853.5440633,15.30,0.62
1582006858.550599,15.30,0.62
1582006863.5519612,15.30,0.62
1582006868.558782,15.30,0.61
1582006873.5773933,15.30,0.60
1582006878.5955753,15.30,0.60
1582006883.6103961,15.30,0.60
1582006888.6630166,15.30,0.62
1582006893.6918724,15.30,0.62
1582006898.7070346,15.30,0.62
1582006903.680528,15.30,0.61
1582006908.713221,15.30,0.60
1582006913.726464,15.30,0.60
1582006918.7430837,15.30,0.60
1582006923.741358,15.30,0.60
1582006928.758298,15.30,0.61
1582006933.7772624,15.30,0.62
1582006938.7919707,15.30,0.63
1582006943.8119009,15.30,0.61
1582006948.8337703,15.30,0.60
1582006953.8489597,15.29,0.60
1582006958.882721,15.29,0.59
1582006963.891686,15.29,0.60
1582006968.9191597,15.29,0.61
1582006973.955942,15.29,0.61
1582006978.9325929,15.29,0.64
1582006983.943566,15.29,0.61
1582006988.960475,15.29,0.62
1582006993.9790666,15.29,0.60
1582006999.0029025,15.29,0.62
1582007004.0266466,15.29,0.60
1582007009.0400887,15.29,0.60
1582007014.0627131,15.29,0.63
1582007019.0779886,15.29,0.61
1582007024.115787,15.29,0.63
1582007029.0949621,15.29,0.64
1582007034.144909,15.29,0.64
1582007039.1615746,15.29,0.64
1582007044.1709347,15.29,0.62
1582007049.162784,15.29,0.63
1582007054.1760051,15.29,0.61
1582007059.1947274,15.29,0.61
1582007064.2152522,15.29,0.63
1582007069.2319472,15.29,0.63
1582007074.2441947,15.29,0.60
1582007079.2670293,15.29,0.63
1582007084.2724473,15.29,0.61
1582007089.2972553,15.29,0.61
1582007094.32183,15.29,0.60
1582007099.3584487,15.28,0.61
1582007104.3702002,15.29,0.60
1582007109.3661387,15.29,0.60
1582007114.3846807,15.29,0.60
1582007119.4002905,15.29,0.60
1582007124.4286606,15.29,0.61
1582007129.4697912,15.28,0.62
1582007134.500656,15.28,0.62
1582007139.466656,15.29,0.60
1582007144.506609,15.28,0.60
1582007149.5252695,15.28,0.61
1582007154.5343907,15.28,0.62
1582007159.5616958,15.28,0.62
1582007164.5622861,15.28,0.61
1582007169.5625672,15.28,0.60
1582007174.60247,15.28,0.60
1582007179.5966089,15.28,0.61
1582007184.6356974,15.28,0.62
1582007189.655853,15.28,0.61
1582007194.6906295,15.28,0.60
1582007199.7060373,15.28,0.60
1582007204.7115848,15.28,0.62
1582007209.7065523,15.28,0.62
1582007214.7211041,15.28,0.61
1582007219.7571137,15.28,0.60
1582007224.7814765,15.28,0.61
1582007229.774613,15.28,0.62
1582007234.7833953,15.28,0.61
1582007239.814999,15.28,0.60
1582007244.855302,15.28,0.62
1582007249.8725073,15.28,0.62
1582007254.8956218,15.28,0.60
1582007259.9103184,15.28,0.60
1582007264.9209762,15.28,0.62
1582007269.9300394,15.28,0.61
1582007274.9150617,15.28,0.61
1582007279.9261878,15.28,0.62
1582007284.9485312,15.28,0.60
1582007289.9623904,15.28,0.61
1582007295.0104046,15.28,0.61
1582007300.021586,15.28,0.60
1582007305.0424569,15.28,0.62
1582007310.0633075,15.28,0.61
1582007315.0734043,15.28,0.61
1582007320.0924156,15.27,0.62
1582007325.107516,15.28,0.60
1582007330.0920186,15.27,0.62
1582007335.1119778,15.28,0.61
1582007340.1268942,15.27,0.61
1582007345.1419933,15.27,0.62
1582007350.1601174,15.27,0.60
1582007355.2265317,15.28,0.63
1582007360.2291975,15.27,0.60
1582007365.2572103,15.27,0.62
1582007370.2573197,15.27,0.60
1582007375.2950284,15.27,0.62
1582007380.3163216,15.27,0.61
1582007385.331102,15.27,0.60
1582007390.3421931,15.27,0.62
1582007395.3168974,15.27,0.60
1582007400.366258,15.27,0.61
1582007405.36207,15.27,0.62
1582007410.3885968,15.27,0.62
1582007415.4200337,15.27,0.60
1582007420.4505355,15.27,0.60
1582007425.4157891,15.27,0.62
1582007430.4349751,15.27,0.62
1582007435.446145,15.27,0.60
1582007440.485256,15.27,0.60
1582007445.4932191,15.27,0.60
1582007450.5223074,15.27,0.62
1582007455.516984,15.27,0.63
1582007460.5837023,15.27,0.62
1582007465.5498173,15.27,0.61
1582007470.559611,15.27,0.60
1582007475.6305518,15.27,0.60
1582007480.597294,15.27,0.61
1582007485.6162472,15.27,0.62
1582007490.669769,15.26,0.63
1582007495.6533937,15.26,0.62
1582007500.7048035,15.26,0.62
1582007505.683378,15.26,0.61
1582007510.7372527,15.26,0.61
1582007515.717177,15.26,0.60
1582007520.7350738,15.26,0.60
1582007525.8042798,15.26,0.60
1582007530.7724416,15.26,0.60
1582007535.7815256,15.26,0.61
1582007540.8225746,15.26,0.61
1582007545.8158884,15.26,0.62
1582007550.8342917,15.26,0.63
1582007555.8921173,15.26,0.62
1582007560.8720284,15.26,0.62
1582007565.928664,15.26,0.62
1582007570.9015014,15.26,0.60
1582007575.9595985,15.26,0.60
1582007580.9708116,15.26,0.61
1582007585.9875345,15.26,0.61
1582007590.9691112,15.26,0.62
1582007595.9849954,15.26,0.62
1582007601.0091102,15.26,0.62
1582007606.0565069,15.26,0.62
1582007611.0384533,15.26,0.61
1582007616.0617018,15.26,0.61
1582007621.116059,15.26,0.61
1582007626.126715,15.26,0.60
1582007631.1035836,15.26,0.60
1582007636.1568468,15.26,0.60
1582007641.140238,15.26,0.60
1582007646.150067,15.26,0.61
1582007651.2148557,15.26,0.62
1582007656.1896558,15.26,0.62
1582007661.2253497,15.26,0.61
1582007666.2394478,15.26,0.60
1582007671.2514327,15.26,0.60
1582007676.2557917,15.26,0.63
1582007681.2838192,15.26,0.62
1582007686.2922966,15.26,0.60
1582007691.318078,15.25,0.62
1582007696.3686533,15.25,0.61
1582007701.3375347,15.25,0.60
1582007706.351541,15.25,0.62
1582007711.3717988,15.25,0.60
1582007716.3838515,15.25,0.62
1582007721.4411826,15.25,0.61
1582007726.4147944,15.25,0.60
1582007731.4245188,15.25,0.62
1582007736.4634156,15.25,0.60
1582007741.4726925,15.25,0.62
1582007746.4881113,15.25,0.60
1582007751.509088,15.25,0.62
1582007756.5656803,15.25,0.60
1582007761.535161,15.25,0.62
1582007766.5496883,15.25,0.60
1582007771.5700078,15.25,0.62
1582007776.6078157,15.25,0.60
1582007781.594011,15.25,0.62
1582007786.6143181,15.25,0.61
1582007791.6387947,15.25,0.60
1582007796.6392727,15.25,0.62
1582007801.6729398,15.25,0.62
1582007806.6989467,15.25,0.60
1582007811.7285607,15.25,0.60
1582007816.7251477,15.25,0.62
1582007821.7358124,15.25,0.62
1582007826.7513807,15.25,0.61
1582007831.7715561,15.25,0.60
1582007836.7953472,15.25,0.61
1582007841.8062959,15.24,0.62
1582007846.8444002,15.24,0.62
1582007851.839324,15.24,0.63
1582007856.8591657,15.24,0.64
1582007861.8719735,15.24,0.63
1582007866.8907788,15.24,0.63
1582007871.9556491,15.24,0.62
1582007876.9220896,15.25,0.59
1582007881.9696305,15.24,0.60
1582007886.9884474,15.24,0.61
1582007891.9982715,15.24,0.60
1582007896.9956672,15.24,0.61
1582007902.0079598,15.24,0.60
1582007907.0598123,15.24,0.62
1582007912.0690584,15.24,0.61
1582007917.0579123,15.24,0.60
1582007922.0636077,15.24,0.61
1582007927.1397634,15.24,0.61
1582007932.1320753,15.24,0.61
1582007937.1212175,15.24,0.61
1582007942.1383727,15.24,0.61
1582007947.2036622,15.24,0.62
1582007952.1874375,15.24,0.62
1582007957.1924696,15.24,0.61
1582007962.2096498,15.24,0.61
1582007967.2445014,15.24,0.62
1582007972.250028,15.24,0.61
1582007977.2588632,15.23,0.60
1582007982.2761064,15.24,0.62
1582007987.296638,15.24,0.61
1582007992.3072903,15.24,0.60
1582007997.3231003,15.24,0.63
1582008002.3664036,15.23,0.61
1582008007.3641682,15.23,0.60
1582008012.3787296,15.23,0.63
1582008017.3908677,15.23,0.61
1582008022.4144976,15.23,0.60
1582008027.436926,15.23,0.63
1582008032.456482,15.23,0.60
1582008037.4618926,15.23,0.61
1582008042.480959,15.23,0.61
1582008047.491502,15.23,0.61
1582008052.51401,15.23,0.61
1582008057.524082,15.23,0.61
1582008062.8753493,153,0.61
1582008067.5592012,15.23,0.62
1582008072.5827138,15.23,0.60
1582008077.5903122,15.23,0.62
1582008082.6084552,15.23,0.61
1582008087.622955,15.23,0.60
1582008092.6404219,15.23,0.62
1582008097.655356,15.23,0.60
1582008102.676736,15.23,0.61
1582008107.699866,15.23,0.62
1582008112.739854,15.23,0.60
1582008117.726868,15.23,0.61
1582008122.7417438,15.23,0.63
1582008127.756557,15.23,0.61
1582008132.7785063,15.23,0.61
1582008137.796837,15.23,0.62
1582008142.814058,15.23,0.60
1582008147.8240829,15.23,0.62
1582008152.8427713,15.23,0.61
1582008157.8663743,15.23,0.60
1582008162.8944123,15.23,0.63
1582008167.8954546,15.23,0.60
1582008172.931142,15.23,0.61
1582008177.9642322,15.23,0.62
1582008182.9855525,15.22,0.60
1582008187.9965425,15.22,0.62
1582008192.9841275,15.22,0.62
1582008197.9976008,15.23,0.60
1582008203.009299,15.22,0.62
1582008208.0266094,15.22,0.62
1582008213.0385642,15.22,0.60
1582008218.0608804,15.22,0.61
1582008223.0795276,15.22,0.63
1582008228.0985343,15.22,0.61
1582008233.1143246,15.22,0.60
1582008238.1352181,15.22,0.62
1582008243.1563132,15.22,0.63
1582008248.1614406,15.22,0.62
1582008253.186532,15.22,0.61
1582008258.2189555,15.22,0.61
1582008263.211638,15.20,0.61
1582008268.2337554,15.20,0.63
1582008273.2457514,15.20,0.63
1582008278.261245,15.20,0.63
1582008283.2814841,15.20,0.62
1582008288.295529,15.21,0.61
1582008293.3150458,15.21,0.61
1582008298.3439827,15.21,0.60
1582008303.3388405,15.20,0.61
1582008308.3592985,15.20,0.62
1582008313.3800342,15.20,0.62
1582008318.4055061,15.20,0.63
1582008323.4097362,15.20,0.63
1582008328.4541981,15.20,0.63
1582008333.4463718,15.20,0.63
1582008338.4572022,15.20,0.63
1582008343.4766333,15.20,0.63
1582008348.545483,15.20,0.63
1582008353.5564187,15.20,0.63
1582008358.576517,15.20,0.63
1582008363.5748096,15.20,0.63
1582008368.5647948,15.20,0.63
1582008373.584097,15.20,0.63
1582008378.5917115,15.20,0.63
1582008383.614968,15.20,0.62
1582008388.6341228,15.20,0.62
1582008393.6664262,15.20,0.61
1582008398.6852427,15.20,0.61
1582008403.6862774,15.20,0.60
1582008408.698628,15.20,0.61
1582008413.725943,15.20,0.61
1582008418.7313795,15.20,0.63
1582008423.7437189,15.20,0.63
1582008428.7651322,15.20,0.62
1582008433.7804255,15.20,0.61
1582008438.8053117,15.19,0.61
1582008443.8164582,15.20,0.62
1582008448.8403804,15.19,0.63
1582008453.8526812,15.19,0.61
1582008458.876469,15.19,0.61
1582008463.8807251,15.19,0.63
1582008468.895425,15.19,0.63
1582008473.9094188,15.19,0.61
1582008478.933992,15.19,0.62
1582008483.949015,15.19,0.63
1582008488.9701371,15.19,0.61
1582008493.9921505,15.19,0.61
1582008498.9938047,15.19,0.63
1582008504.014146,15.19,0.63
1582008509.034367,15.19,0.61
1582008514.0690358,15.19,0.61
1582008519.0923219,15.19,0.62
1582008524.0853534,15.19,0.63
1582008529.1110764,15.19,0.61
1582008534.122983,15.19,0.61
1582008539.140295,15.19,0.63
1582008544.1767955,15.19,0.62
1582008549.19621,15.19,0.61
1582008554.1850026,15.19,0.63
1582008559.2032528,15.19,0.62
1582008564.235393,15.19,0.60
1582008569.2498157,15.18,0.63
1582008574.2361946,15.19,0.62
1582008579.2686818,15.18,0.61
1582008584.285321,15.18,0.63
1582008589.3362834,15.18,0.61
1582008594.3219888,15.18,0.63
1582008599.3314576,15.18,0.63
1582008604.3486736,15.18,0.61
1582008609.3786056,15.18,0.62
1582008614.3888252,15.18,0.61
1582008619.4002979,15.18,0.61
1582008624.4139395,15.18,0.62
1582008629.4380352,15.18,0.60
1582008634.4695241,15.18,0.62
1582008639.4685233,15.18,0.61
1582008644.4862456,15.18,0.60
1582008649.502435,15.18,0.61
1582008654.5126853,15.18,0.62
1582008659.5353997,15.18,0.63
1582008664.5766914,15.18,0.61
1582008669.5739942,15.18,0.63
1582008674.633371,15.18,0.60
1582008679.6015573,15.18,0.63
1582008684.6185377,15.18,0.59
1582008689.6789565,15.18,0.63
1582008694.668155,15.18,0.63
1582008699.6743312,15.18,0.64
1582008704.7274303,15.18,0.62
1582008709.6978357,15.18,0.64
1582008714.702258,15.18,0.61
1582008719.7348766,15.18,0.64
1582008724.7364557,15.18,0.61
1582008729.768453,15.18,0.61
1582008734.7726471,15.18,0.60
1582008739.7983475,15.18,0.63
1582008744.8159451,15.18,0.61
1582008749.8587916,15.18,0.63
1582008754.8534539,15.18,0.63
1582008759.8650217,15.18,0.61
1582008764.9093912,15.18,0.63
1582008769.8953123,15.18,0.62
1582008774.9056122,15.18,0.60
1582008779.9265652,15.18,0.61
1582008784.9759607,15.17,0.63
1582008789.9722729,15.17,0.63
1582008794.9833653,15.18,0.61
1582008800.0016031,15.18,0.61
1582008805.0204155,15.18,0.61
1582008810.06405,15.18,0.61
1582008815.0523324,15.17,0.62
1582008820.0973294,15.17,0.63
1582008825.0837936,15.17,0.63
1582008830.1486602,15.17,0.63
1582008835.1119072,15.17,0.63
1582008840.132815,15.17,0.63
1582008845.1771898,15.17,0.63
1582008850.210367,15.17,0.63
1582008855.1714785,15.17,0.63
1582008860.216013,15.17,0.62
1582008865.2574894,15.17,0.63
1582008870.2233887,15.17,0.63
1582008875.2925677,15.17,0.63
1582008880.260057,15.17,0.63
1582008885.3495317,15.17,0.63
1582008890.3480568,15.17,0.63
1582008895.3259156,15.17,0.63
1582008900.3809466,15.17,0.63
1582008905.3483644,15.17,0.63
1582008910.3716426,15.17,0.62
1582008915.3888474,15.17,0.61
1582008920.398929,15.17,0.61
1582008925.4296699,15.17,0.61
1582008930.4943268,15.16,0.61
1582008935.509686,15.16,0.63
1582008940.4647539,15.16,0.63
1582008945.4905467,15.16,0.63
1582008950.496337,15.16,0.63
1582008955.5044632,15.16,0.63
1582008960.5564,15.16,0.63
1582008965.5522025,15.16,0.63
1582008970.5652316,15.16,0.63
1582008975.5851269,15.16,0.63
1582008980.6037118,15.16,0.63
1582008985.6405785,15.16,0.62
1582008990.675783,15.16,0.62
1582008995.6533144,15.16,0.61
1582009000.675095,15.16,0.61
1582009005.6970344,15.16,0.61
1582009010.75976,15.16,0.61
1582009015.7154477,15.16,0.61
1582009020.783466,15.16,0.61
1582009025.7841663,15.16,0.61
1582009030.7733064,15.16,0.61
1582009035.7839603,15.16,0.61
1582009040.8453715,15.16,0.61
1582009045.834634,15.16,0.61
1582009050.8716738,15.16,0.61
1582009055.8563154,15.16,0.61
1582009060.8739996,15.16,0.61
1582009065.8891523,15.16,0.61
1582009070.9069028,15.16,0.61
1582009075.918212,15.16,0.61
1582009080.940875,15.16,0.61
1582009085.9479632,15.16,0.61
1582009091.011229,15.16,0.62
1582009095.9942558,15.16,0.63
1582009101.0298507,15.15,0.63
1582009106.024185,15.15,0.63
1582009111.0322723,15.15,0.63
1582009116.0464747,15.15,0.63
1582009121.0672264,15.15,0.63
1582009126.086618,15.15,0.63
1582009131.1614864,15.15,0.62
1582009136.1229146,15.15,0.63
1582009141.1743143,15.15,0.63
1582009146.1473124,15.15,0.63
1582009151.1707306,15.15,0.63
1582009156.1884062,15.15,0.63
1582009161.2023733,15.15,0.63
1582009166.2210293,15.15,0.62
1582009171.2583625,15.15,0.61
1582009176.2974486,15.15,0.61
1582009181.309841,15.15,0.61
1582009186.3590882,15.15,0.61
1582009191.3379478,15.15,0.60
1582009196.3232644,15.15,0.60
1582009201.340481,15.15,0.61
1582009206.3657973,15.15,0.61
1582009211.3711479,15.15,0.61
1582009216.3892958,15.15,0.61
1582009221.4035456,15.15,0.61
1582009226.4190075,15.15,0.61
1582009231.4791408,15.15,0.61
1582009236.457878,15.15,0.61
1582009241.5016408,15.14,0.61
1582009246.4853346,15.15,0.61
1582009251.506257,15.14,0.61
1582009256.5494528,15.14,0.61
1582009261.5627196,15.14,0.61
1582009266.553803,15.14,0.61
1582009271.5763178,15.14,0.61
1582009276.5876439,15.14,0.61
1582009281.6528034,15.14,0.61
1582009286.6413286,15.14,0.61
1582009291.6387863,15.14,0.61
1582009296.6610777,15.14,0.61
1582009301.6867497,15.14,0.61
1582009306.7142642,15.14,0.61
1582009311.7077138,15.14,0.61
1582009316.7347484,15.14,0.61
1582009321.7429197,15.14,0.61
1582009326.7600303,15.14,0.61
1582009331.798964,15.14,0.60
1582009336.7988963,15.14,0.61
1582009341.8166604,15.14,0.61
1582009346.8264146,15.14,0.60
1582009351.8434405,15.14,0.61
1582009356.8625267,15.13,0.61
1582009361.8787878,15.14,0.62
1582009366.893293,15.13,0.63
1582009371.9087179,15.13,0.63
1582009376.9286432,15.13,0.62
1582009381.9452224,15.13,0.61
1582009386.9562867,15.13,0.61
1582009391.980582,15.13,0.62
1582009396.9964237,15.13,0.63
1582009402.007524,15.13,0.63
1582009407.0380106,15.13,0.63
1582009412.0428216,15.13,0.61
1582009417.0607176,15.13,0.61
1582009422.079527,15.13,0.62
1582009427.096444,15.13,0.63
1582009432.114608,15.13,0.62
1582009437.1271522,15.13,0.61
1582009442.1527193,15.13,0.62
1582009447.1628656,15.13,0.63
1582009452.178383,15.13,0.62
1582009457.1940813,15.13,0.61
1582009462.2129734,15.13,0.61
1582009467.2285008,15.13,0.63
1582009472.2450905,15.13,0.63
1582009477.2594793,15.13,0.61
1582009482.2773533,15.13,0.61
1582009487.294341,15.13,0.63
1582009492.3201313,15.13,0.63
1582009497.3396158,15.13,0.61
1582009502.3426645,15.13,0.62
1582009507.358305,15.13,0.63
1582009512.3925047,15.13,0.61
1582009517.4027035,15.13,0.63
1582009522.4138088,15.13,0.62
1582009527.4271996,15.13,0.61
1582009532.442539,15.13,0.63
1582009537.4673193,15.13,0.61
1582009542.4787781,15.12,0.63
1582009547.496125,15.12,0.61
1582009552.527592,15.12,0.64
1582009557.5682862,15.12,0.62
1582009562.581515,15.12,0.61
1582009567.6026714,15.12,0.63
1582009572.598586,15.12,0.65
1582009577.6026852,15.12,0.62
1582009582.6170604,15.12,0.63
1582009587.6303608,15.12,0.61
1582009592.6472523,15.12,0.61
1582009597.6626263,15.12,0.62
1582009602.6785798,15.12,0.61
1582009607.6947298,15.12,0.61
1582009612.7157643,15.12,0.62
1582009617.7282832,15.12,0.63
1582009622.7557325,15.12,0.61
1582009627.7873785,15.12,0.60
1582009632.7716167,15.12,0.62
1582009637.8228195,15.12,0.63
1582009642.8328657,15.12,0.62
1582009647.8518274,15.12,0.63
1582009652.8873484,15.11,0.63
1582009657.8994758,15.12,0.60
1582009662.918032,15.12,0.63
1582009667.9184449,15.11,0.62
1582009672.9382713,15.12,0.60
1582009677.9499369,15.11,0.63
1582009682.9672956,15.11,0.61
1582009687.9816976,15.11,0.61
1582009692.9793348,15.11,0.63
1582009697.9978507,15.11,0.61
1582009703.0110235,15.11,0.62
1582009708.0291338,15.11,0.63
1582009713.0545964,15.11,0.61
1582009718.068147,15.11,0.61
1582009723.0822535,15.11,0.63
1582009728.0983367,15.11,0.62
1582009733.1307182,15.11,0.61
1582009738.1703455,15.11,0.63
1582009743.1709213,15.11,0.61
1582009748.1678395,15.11,0.62
1582009753.1827102,15.11,0.63
1582009758.2078896,15.11,0.61
1582009763.22235,15.11,0.63
1582009768.230779,15.11,0.61
1582009773.250646,15.11,0.62
1582009778.2656257,15.11,0.63
1582009783.2835777,15.11,0.61
1582009788.3071735,15.11,0.63
1582009793.3320572,15.11,0.61
1582009798.3421497,15.11,0.63
1582009803.3487332,15.11,0.61
1582009808.3617587,15.11,0.63
1582009813.383583,15.10,0.62
1582009818.4021323,15.11,0.62
1582009823.4148734,15.10,0.62
1582009828.4372103,15.10,0.62
1582009833.452158,15.11,0.62
1582009838.4678164,15.10,0.61
1582009843.498836,15.10,0.63
1582009848.5047803,15.10,0.61
1582009853.5169675,15.10,0.63
1582009858.5266688,15.10,0.61
1582009863.547814,15.10,0.63
1582009868.5618346,15.10,0.61
1582009873.5833595,15.10,0.63
1582009878.6035526,15.10,0.61
1582009883.6179888,15.10,0.63
1582009888.6331508,15.10,0.61
1582009893.6518538,15.10,0.63
1582009898.7024472,15.10,0.61
1582009903.7175798,15.10,0.63
1582009908.732058,15.10,0.62
1582009913.7360823,15.10,0.61
1582009918.7428193,15.10,0.63
1582009923.7458003,15.10,0.61
1582009928.7678566,15.10,0.63
1582009933.785492,15.10,0.63
1582009938.8036067,15.10,0.61
1582009943.8174903,15.10,0.63
1582009948.8379667,15.09,0.63
1582009953.84768,15.10,0.61
1582009958.8648794,15.09,0.62
1582009963.885679,15.09,0.63
1582009968.9040706,15.09,0.61
1582009973.9177275,15.09,0.62
1582009978.934766,15.09,0.63
1582009983.9557474,15.09,0.61
1582009988.9617362,15.09,0.62
1582009993.981866,15.09,0.63
1582009999.002293,15.09,0.61
1582010004.0211241,15.09,0.63
1582010009.074919,15.09,0.61
1582010014.0937085,15.09,0.63
1582010019.0662956,15.09,0.61
1582010024.1076407,15.09,0.63
1582010029.1315837,15.09,0.61
1582010034.1259701,15.09,0.63
1582010039.1376123,15.09,0.61
1582010044.1529455,15.09,0.63
1582010049.163549,15.09,0.62
1582010054.1814291,15.09,0.62
1582010059.201696,15.09,0.63
1582010064.222687,15.09,0.61
1582010069.2403336,15.08,0.63
1582010074.2524636,15.08,0.61
1582010079.2701428,15.08,0.62
1582010084.2941096,15.08,0.63
1582010089.309654,15.08,0.61
1582010094.318406,15.08,0.64
1582010099.336566,15.08,0.61
1582010104.3527288,15.08,0.63
1582010109.391356,15.08,0.62
1582010114.3977463,15.08,0.61
1582010119.4225364,15.08,0.63
1582010124.4464395,15.08,0.61
1582010129.4360425,15.08,0.63
1582010134.457572,15.08,0.61
1582010139.4695597,15.08,0.63
1582010144.4853806,15.08,0.61
1582010149.5026512,15.08,0.63
1582010154.5223248,15.08,0.61
1582010159.5704396,15.08,0.63
1582010164.6000395,15.08,0.61
1582010169.617414,15.08,0.61
1582010174.6252258,15.08,0.63
1582010179.597929,15.08,0.62
1582010184.6199014,15.08,0.61
1582010189.6372826,15.08,0.63
1582010194.6612544,15.08,0.61
1582010199.6848843,15.08,0.62
1582010204.700791,15.08,0.63
1582010209.7014523,15.08,0.61
1582010214.7326994,15.08,0.63
1582010219.742379,15.08,0.63
1582010224.75252,15.08,0.61
1582010229.7736847,15.08,0.63
1582010234.7933269,15.08,0.61
1582010239.804687,15.08,0.63
1582010244.8218203,15.07,0.61
1582010249.840005,15.08,0.63
1582010254.8624518,15.08,0.61
1582010259.8912966,15.07,0.63
1582010264.9050043,15.07,0.61
1582010269.9273608,15.07,0.63
1582010274.9205642,15.07,0.61
1582010279.937085,15.07,0.63
1582010284.9563172,15.07,0.61
1582010289.9681437,15.07,0.63
1582010294.9859884,15.07,0.61
1582010300.0071507,15.07,0.63
1582010305.0178602,15.07,0.61
1582010310.040013,15.07,0.63
1582010315.0561674,15.07,0.62
1582010320.0747468,15.07,0.62
1582010325.091897,15.07,0.63
1582010330.107001,15.07,0.61
1582010335.1326945,15.07,0.63
1582010340.1451504,15.07,0.61
1582010345.1657813,15.07,0.63
1582010350.1734877,15.07,0.61
1582010355.1899924,15.06,0.62
1582010360.2067351,15.07,0.63
1582010365.225695,15.07,0.61
1582010370.2406235,15.06,0.63
1582010375.2810795,15.06,0.61
1582010380.2769437,15.06,0.63
1582010385.2972777,15.06,0.61
1582010390.3091707,15.06,0.64
1582010395.3258975,15.06,0.61
1582010400.3372972,15.06,0.64
1582010405.3570065,15.06,0.61
1582010410.3694787,15.06,0.63
1582010415.39553,15.06,0.61
1582010420.4072142,15.06,0.63
1582010425.4225557,15.06,0.61
1582010430.436956,15.06,0.63
1582010435.4560127,15.06,0.62
1582010440.4912734,15.06,0.61
1582010445.5165358,15.06,0.64
1582010450.5119853,15.06,0.61
1582010455.5272229,15.06,0.63
1582010460.5375366,15.06,0.61
1582010465.5719402,15.06,0.63
1582010470.59285,15.06,0.61
1582010475.583043,15.06,0.63
1582010480.6049511,15.06,0.61
1582010485.6327097,15.06,0.63
1582010490.6380153,15.06,0.61
1582010495.6568246,15.06,0.62
1582010500.679159,15.06,0.62
1582010505.7085845,15.06,0.63
1582010510.7312028,15.06,0.61
1582010515.7509573,15.05,0.63
1582010520.7436156,15.06,0.61
1582010525.760841,15.06,0.64
1582010530.7733104,15.06,0.61
1582010535.7911274,15.05,0.63
1582010540.8077188,15.05,0.62
1582010545.8232524,15.05,0.61
1582010550.842564,15.05,0.64
1582010555.8579042,15.05,0.62
1582010560.8734326,15.05,0.61
1582010565.8883574,15.05,0.63
1582010570.9087222,15.05,0.62
1582010575.9224668,15.05,0.62
1582010580.9449224,15.05,0.64
1582010585.9621606,15.05,0.61
1582010590.9749224,15.05,0.61
1582010596.0093079,15.05,0.64
1582010601.0249197,15.05,0.61
1582010606.0668125,15.05,0.63
1582010611.076562,15.05,0.63
1582010616.0810466,15.05,0.62
1582010621.076678,15.05,0.64
1582010626.1210322,15.05,0.61
1582010631.119919,15.05,0.61
1582010636.1337202,15.05,0.61
1582010641.1457925,15.05,0.64
1582010646.1588154,15.04,0.62
1582010651.1773489,15.05,0.66
1582010656.220639,15.04,0.62
1582010661.257616,15.04,0.63
1582010666.269919,15.04,0.62
1582010671.2731087,15.04,0.65
1582010676.2570484,15.04,0.61
1582010681.2776313,15.04,0.64
1582010686.2908726,15.04,0.63
1582010691.3133307,15.04,0.60
1582010696.3219092,15.04,0.64
1582010701.3424225,15.04,0.62
1582010706.3599622,15.04,0.62
1582010711.376382,15.04,0.66
1582010716.3964682,15.04,0.63
1582010721.4156654,15.04,0.62
1582010726.4267876,15.04,0.66
1582010731.452989,15.04,0.61
1582010736.473752,15.04,0.61
1582010741.513085,15.04,0.63
1582010746.5221875,15.04,0.63
1582010751.5132246,15.04,0.63
1582010756.5330148,15.04,0.65
1582010761.5529733,15.04,0.61
1582010766.555722,15.03,0.63
1582010771.5797276,15.04,0.61
1582010776.5917265,15.03,0.65
1582010781.6183636,15.03,0.63
1582010786.6238472,15.04,0.59
1582010791.642545,15.03,0.62
1582010796.6648154,15.03,0.65
1582010801.6804578,15.04,0.61
1582010806.694333,15.03,0.60
1582010811.7135234,15.03,0.62
1582010816.723164,15.03,0.61
1582010821.7431993,15.03,0.65
1582010826.7614937,15.03,0.64
1582010831.781177,15.03,0.64
1582010836.7979503,15.03,0.62
1582010841.8148649,15.03,0.60
1582010846.8382556,15.03,0.59
1582010851.867154,15.03,0.59
1582010856.8627734,15.03,0.60
1582010861.885216,15.03,0.60
1582010866.8947136,15.03,0.63
1582010871.914401,15.03,0.61
1582010876.9316695,15.03,0.62
1582010881.9575968,15.03,0.61
1582010886.9546957,15.03,0.64
1582010891.9788625,15.03,0.64
1582010897.0012937,15.02,0.65
1582010902.0109386,15.03,0.63
1582010907.0284817,15.03,0.62
1582010912.0539947,15.03,0.61
1582010917.0578134,15.03,0.61
1582010922.077713,15.03,0.61
1582010927.1209939,15.02,0.62
1582010932.118082,15.02,0.64
1582010937.1326933,15.03,0.64
1582010942.1436331,15.02,0.63
1582010947.1654987,15.03,0.61
1582010952.1871147,15.02,0.61
1582010957.1963985,15.02,0.62
1582010962.2173002,15.03,0.62
1582010967.2320633,15.02,0.63
1582010972.2525225,15.02,0.64
1582010977.2828598,15.02,0.63
1582010982.282592,15.02,0.64
1582010987.3018668,15.02,0.64
1582010992.3121443,15.02,0.64
1582010997.3301883,15.02,0.64
1582011002.3598244,15.02,0.63
1582011007.3578193,15.02,0.63
1582011012.3781316,15.02,0.62
1582011017.4124663,15.02,0.61
1582011022.4275172,15.02,0.62
1582011027.4436033,15.02,0.63
1582011032.4715028,15.02,0.64
1582011037.4802775,15.02,0.63
1582011042.488985,15.02,0.62
1582011047.4928522,15.02,0.62
1582011052.5065956,15.02,0.64
1582011057.530382,15.02,0.64
1582011062.557682,15.01,0.63
1582011067.5613039,15.02,0.61
1582011072.5800734,15.01,0.62
1582011077.6040566,15.01,0.64
1582011082.6140702,15.01,0.64
1582011087.6311991,15.01,0.62
1582011092.6523712,15.01,0.63
1582011097.6759553,15.01,0.63
1582011102.683389,15.01,0.61
1582011107.696895,15.01,0.64
1582011112.7229016,15.01,0.62
1582011117.7323542,15.01,0.63
1582011122.7480814,15.01,0.63
1582011127.761232,15.01,0.61
1582011132.7825928,15.01,0.64
1582011137.7965586,15.01,0.61
1582011142.8176517,15.01,0.64
1582011147.8281195,15.01,0.62
1582011152.8613226,15.01,0.63
1582011157.8723435,15.01,0.63
1582011162.8856094,15.01,0.61
1582011167.919903,15.01,0.64
1582011172.950422,15.01,0.62
1582011177.9331627,15.01,0.63
1582011182.9524066,15.01,0.63
1582011187.9644513,15.01,0.61
1582011192.9840565,15.01,0.64
1582011198.002119,15.01,0.62
1582011203.0137823,15.01,0.62
1582011208.0345318,15.01,0.64
1582011213.0486763,15.01,0.64
1582011218.0646417,15.01,0.62
1582011223.089206,15.01,0.61
1582011228.1021693,15.01,0.63
1582011233.1248035,15.00,0.64
1582011238.146881,15.00,0.64
1582011243.1535108,15.00,0.62
1582011248.1674445,15.00,0.62
1582011253.1794095,15.00,0.64
1582011258.200986,15.00,0.63
1582011263.220112,15.00,0.62
1582011268.25299,15.00,0.62
1582011273.2464495,15.00,0.63
1582011278.275249,15.00,0.64
1582011283.2839167,15.00,0.62
1582011288.304636,15.00,0.61
1582011293.319597,15.00,0.63
1582011298.335979,15.00,0.64
1582011303.3510451,15.00,0.62
1582011308.3901174,15.00,0.62
1582011313.3807492,15.00,0.64
1582011318.4060285,15.00,0.63
1582011323.4300818,15.00,0.61
1582011328.4407408,15.00,0.63
1582011333.4551713,15.00,0.64
1582011338.4668155,15.00,0.63
1582011343.4885435,15.00,0.62
1582011348.502158,15.00,0.63
1582011353.5211766,15.00,0.64
1582011358.5519602,15.00,0.61
1582011363.5508265,14.99,0.63
1582011368.566712,14.99,0.64
1582011373.605546,14.99,0.63
1582011378.6251488,14.99,0.62
1582011383.647619,14.99,0.62
1582011388.6617966,14.99,0.63
1582011393.6810699,14.99,0.64
1582011398.6938035,14.99,0.63
1582011403.7183688,14.99,0.62
1582011408.7116804,14.99,0.63
1582011413.7214448,14.99,0.64
1582011418.742578,14.99,0.63
1582011423.7919526,14.99,0.61
1582011428.8171926,14.99,0.63
1582011433.784506,14.99,0.64
1582011438.803797,14.99,0.62
1582011443.823679,14.99,0.61
1582011448.8410888,14.99,0.63
1582011453.9042642,14.99,0.64
1582011458.9178686,14.99,0.64
1582011463.9231753,14.99,0.62
1582011468.930847,14.99,0.61
1582011473.9308343,14.99,0.62
1582011478.9454913,14.99,0.63
1582011483.9516907,14.99,0.64
1582011488.9650843,14.98,0.63
1582011493.9819217,14.98,0.61
1582011499.0019033,14.98,0.63
1582011504.0423794,14.98,0.64
1582011509.063567,14.98,0.64
1582011514.0576901,14.98,0.63
1582011519.0745373,14.98,0.62
1582011524.0874212,14.98,0.61
1582011529.1032438,14.98,0.62
1582011534.1288497,14.98,0.63
1582011539.1406739,14.98,0.63
1582011544.1573775,14.98,0.64
1582011549.1683826,14.98,0.64
1582011554.1840699,14.98,0.64
1582011559.2068274,14.98,0.64
1582011564.2215626,14.98,0.63
1582011569.2399576,14.98,0.62
1582011574.255402,14.98,0.62
1582011579.2731788,14.98,0.61
1582011584.2914708,14.98,0.62
1582011589.301869,14.98,0.63
1582011594.3225007,14.98,0.64
1582011599.3375082,14.98,0.64
1582011604.3516228,14.98,0.64
1582011609.3713994,14.98,0.64
1582011614.3837032,14.98,0.63
1582011619.3952258,14.98,0.63
1582011624.4175246,14.98,0.63
1582011629.4346023,14.98,0.64
1582011634.4515598,14.98,0.64
1582011639.472505,14.98,0.64
1582011644.490371,14.98,0.64
1582011649.5105383,14.98,0.64
1582011654.5256717,14.98,0.64
1582011659.5391638,14.98,0.64
1582011664.5580873,14.97,0.63
1582011669.575871,14.98,0.63
1582011674.5954692,14.97,0.62
1582011679.6088378,14.97,0.61
1582011684.6255803,14.98,0.62
1582011689.63915,14.97,0.63
1582011694.6579905,14.97,0.64
1582011699.6712546,14.97,0.64
1582011704.6913018,14.97,0.63
1582011709.709911,14.97,0.62
1582011714.7367928,14.97,0.61
1582011719.7584999,14.97,0.61
1582011724.751745,14.97,0.62
1582011729.788242,14.97,0.62
1582011734.7916338,14.97,0.63
1582011739.833075,14.97,0.63
1582011744.8214977,14.97,0.64
1582011749.8798594,14.97,0.63
1582011754.8564694,14.97,0.62
1582011759.8974702,14.97,0.61
1582011764.8869693,14.97,0.62
1582011769.9038296,14.97,0.64
1582011774.9226637,14.97,0.64
1582011779.9657574,14.97,0.63
1582011784.9545856,14.97,0.63
1582011789.9971795,14.97,0.62
1582011794.987286,14.97,0.61
1582011800.0381386,14.97,0.62
1582011805.022899,14.96,0.64
1582011810.0774624,14.96,0.64
1582011815.0684915,14.96,0.63
1582011820.0716767,14.96,0.61
1582011825.1269557,14.96,0.62
1582011830.1061158,14.96,0.63
1582011835.1628451,14.96,0.64
1582011840.1390002,14.96,0.63
1582011845.1544352,14.96,0.61
1582011850.2160308,14.96,0.63
1582011855.1879709,14.96,0.64
1582011860.2469344,14.96,0.62
1582011865.2239795,14.96,0.62
1582011870.2401688,14.96,0.64
1582011875.252442,14.96,0.62
1582011880.272049,14.96,0.62
1582011885.2875671,14.96,0.64
1582011890.3471873,14.96,0.62
1582011895.3284287,14.96,0.62
1582011900.3398874,14.96,0.64
1582011905.3995557,14.96,0.64
1582011910.3773906,14.96,0.62
1582011915.433471,14.96,0.62
1582011920.4244132,14.96,0.64
1582011925.4567034,14.96,0.63
1582011930.4400728,14.96,0.61
1582011935.4576957,14.96,0.62
1582011940.517903,14.96,0.63
1582011945.4898262,14.96,0.64
1582011950.5252182,14.96,0.63
1582011955.53689,14.96,0.63
1582011960.554553,14.96,0.63
1582011965.5565672,14.95,0.63
1582011970.5919375,14.95,0.63
1582011975.6173682,14.96,0.63
1582011980.648553,14.95,0.63
1582011985.6753042,14.95,0.63
1582011990.6364527,14.95,0.63
1582011995.6628218,14.95,0.63
1582012000.7062113,14.95,0.63
1582012005.6731133,14.95,0.63
1582012010.7098248,14.95,0.63
1582012015.7288375,14.95,0.63
1582012020.736793,14.95,0.63
1582012025.7786183,14.95,0.63
1582012030.8013084,14.95,0.63
1582012035.832348,14.95,0.63
1582012040.8043282,14.95,0.63
1582012045.8209484,14.95,0.63
1582012050.865414,14.95,0.63
1582012055.8952076,14.95,0.63
1582012060.8652177,14.95,0.63
1582012065.899008,14.95,0.63
1582012070.9222417,14.95,0.63
1582012075.9526002,14.95,0.63
1582012080.9789765,14.95,0.63
1582012086.0155654,14.95,0.63
1582012090.9770067,14.95,0.63
1582012095.9913986,14.95,0.63
1582012101.0201058,14.95,0.63
1582012106.0536633,14.95,0.63
1582012111.072362,14.94,0.63
1582012116.0956142,14.94,0.63
1582012121.1149533,14.94,0.63
1582012126.1434789,14.95,0.63
1582012131.1169088,14.94,0.63
1582012136.1509054,14.94,0.63
1582012141.182723,14.94,0.63
1582012146.1563795,14.94,0.63
1582012151.176783,14.94,0.63
1582012156.2009592,14.94,0.63
1582012161.2249868,14.94,0.63
1582012166.2293205,14.94,0.63
1582012171.2658463,14.94,0.63
1582012176.289566,14.94,0.63
1582012181.3109968,14.94,0.63
1582012186.3499608,14.94,0.63
1582012191.3105292,14.94,0.63
1582012196.3369632,14.94,0.63
1582012201.3792572,14.94,0.63
1582012206.3657231,14.94,0.63
1582012211.404174,14.94,0.63
1582012216.4395564,14.94,0.63
1582012221.4215956,14.94,0.63
1582012226.4556682,14.94,0.63
1582012231.4851544,14.94,0.63
1582012236.510598,14.94,0.63
1582012241.4863107,14.94,0.63
1582012246.5091448,14.94,0.63
1582012251.531161,14.94,0.63
1582012256.558254,14.93,0.63
1582012261.5878515,14.93,0.63
1582012266.5585153,14.93,0.63
1582012271.593273,14.93,0.63
1582012276.6221037,14.93,0.63
1582012281.6665175,14.93,0.63
1582012286.641768,14.93,0.63
1582012291.6816695,14.93,0.63
1582012296.6599584,14.93,0.63
1582012301.7014706,14.93,0.63
1582012306.6923847,14.93,0.63
1582012311.708482,14.93,0.63
1582012316.726089,14.93,0.63
1582012321.7394118,14.93,0.63
1582012326.7558677,14.93,0.63
1582012331.802821,14.93,0.63
1582012336.7923224,14.93,0.63
1582012341.8338482,14.93,0.63
1582012346.875547,14.93,0.63
1582012351.8436644,14.93,0.63
1582012356.8851712,14.93,0.63
1582012361.8758175,14.93,0.63
1582012366.8920348,14.93,0.63
1582012371.9325335,14.93,0.63
1582012376.97388,14.93,0.63
1582012381.929929,14.93,0.63
1582012386.9712265,14.93,0.63
1582012392.0109143,14.93,0.63
1582012396.9936736,14.93,0.63
1582012402.007537,14.93,0.63
1582012407.0490773,14.93,0.63
1582012412.0891325,14.93,0.63
1582012417.0558639,14.93,0.63
1582012422.10834,14.93,0.63
1582012427.0906837,14.93,0.63
1582012432.1098201,14.93,0.63
1582012437.1492891,14.93,0.63
1582012442.189838,14.93,0.63
1582012447.1603456,14.92,0.63
1582012452.2001219,14.92,0.63
1582012457.1912072,14.92,0.63
1582012462.2327168,14.92,0.63
1582012467.2253582,14.92,0.63
1582012472.2635937,14.92,0.63
1582012477.3019292,14.92,0.63
1582012482.2738652,14.92,0.63
1582012487.3411984,14.92,0.63
1582012492.3089058,14.92,0.63
1582012497.34843,14.92,0.63
1582012502.3871558,14.92,0.63
1582012507.3622184,14.92,0.63
1582012512.4026508,14.92,0.63
1582012517.3942866,14.92,0.63
1582012522.4097645,14.92,0.63
1582012527.4492788,14.92,0.63
1582012532.4889193,14.92,0.63
1582012537.4615538,14.92,0.63
1582012542.495241,14.92,0.63
1582012547.5298557,14.92,0.63
1582012552.5122,14.92,0.63
1582012557.5303078,14.92,0.63
1582012562.5682867,14.92,0.63
1582012567.5985324,14.92,0.63
1582012572.6261766,14.92,0.63
1582012577.603205,14.92,0.63
1582012582.629067,14.92,0.63
1582012587.6603749,14.91,0.63
1582012592.6858928,14.92,0.63
1582012597.6683855,14.91,0.63
1582012602.6932256,14.91,0.63
1582012607.7314396,14.91,0.63
1582012612.753415,14.91,0.63
1582012617.783072,14.91,0.63
1582012622.7533276,14.91,0.63
1582012627.7839978,14.91,0.63
1582012632.8094707,14.91,0.63
1582012637.830322,14.91,0.63
1582012642.7980163,14.91,0.63
1582012647.833853,14.91,0.63
1582012652.8702853,14.91,0.63
1582012657.9029233,14.91,0.63
1582012662.885923,14.91,0.63
1582012667.9136367,14.91,0.63
1582012672.9415338,14.91,0.63
1582012677.974205,14.91,0.63
1582012683.0019453,14.91,0.63
1582012687.9614797,14.91,0.63
1582012692.9884627,14.91,0.63
1582012698.020096,14.91,0.63
1582012703.0438514,14.91,0.63
1582012708.083005,14.91,0.63
1582012713.0483341,14.91,0.63
1582012718.084867,14.91,0.63
1582012723.1167548,14.91,0.63
1582012728.1079972,14.91,0.63
1582012733.138767,14.91,0.63
1582012738.1623597,14.91,0.63
1582012743.183648,14.91,0.63
1582012748.214847,14.91,0.63
1582012753.1812754,14.91,0.63
1582012758.2423828,14.91,0.63
1582012763.2523496,14.90,0.63
1582012768.285953,14.91,0.63
1582012773.2495265,14.91,0.63
1582012778.278406,14.91,0.63
1582012783.3033276,14.90,0.63
1582012788.3373353,14.90,0.63
1582012793.3140185,14.90,0.63
1582012798.3632848,14.90,0.63
1582012803.3434246,14.90,0.63
1582012808.394005,14.90,0.63
1582012813.3795807,14.90,0.63
1582012818.438458,14.90,0.63
1582012823.4146414,14.90,0.63
1582012828.4320698,14.90,0.63
1582012833.4880261,14.90,0.63
1582012838.4627106,14.90,0.63
1582012843.5089805,14.90,0.63
1582012848.4958222,14.90,0.63
1582012853.5474706,14.90,0.63
1582012858.5337186,14.90,0.63
1582012863.5822158,14.90,0.63
1582012868.5620518,14.90,0.63
1582012873.6241302,14.90,0.63
1582012878.5968013,14.90,0.63
1582012883.614802,14.90,0.63
1582012888.6642995,14.90,0.63
1582012893.6503296,14.90,0.63
1582012898.663749,14.90,0.63
1582012903.6811457,14.90,0.63
1582012908.742448,14.90,0.63
1582012913.716101,14.90,0.63
1582012918.7699487,14.89,0.63
1582012923.7491622,14.90,0.63
1582012928.798404,14.90,0.63
1582012933.779267,14.89,0.63
1582012938.826126,14.89,0.63
1582012943.8133543,14.89,0.63
1582012948.8305616,14.89,0.63
1582012953.8786123,14.89,0.63
1582012958.864853,14.89,0.63
1582012963.9261239,14.89,0.63
1582012968.8958762,14.89,0.63
1582012973.9443681,14.89,0.63
1582012978.9322495,14.89,0.63
1582012983.9615924,14.89,0.63
1582012989.007565,14.89,0.63
1582012993.9836419,14.89,0.63
1582012999.0323493,14.89,0.63
1582013004.0142584,14.89,0.63
1582013009.064663,14.89,0.63
1582013014.0487325,14.89,0.63
1582013019.0969846,14.89,0.63
1582013024.079049,14.89,0.63
1582013029.125546,14.89,0.63
1582013034.1155498,14.89,0.63
1582013039.165077,14.89,0.63
1582013044.1520798,14.89,0.63
1582013049.1870875,14.89,0.63
1582013054.2151875,14.89,0.63
1582013059.2533164,14.89,0.63
1582013064.2188444,14.89,0.63
1582013069.2495413,14.88,0.63
1582013074.2829063,14.89,0.63
1582013079.3183873,14.88,0.63
1582013084.3057163,14.88,0.63
1582013089.3329332,14.88,0.63
1582013094.3284323,14.88,0.63
1582013099.3605125,14.88,0.63
1582013104.3425465,14.88,0.63
1582013109.3970876,14.88,0.63
1582013114.438565,14.88,0.63
1582013119.408098,14.88,0.63
1582013124.4224527,14.88,0.63
1582013129.4621758,14.88,0.63
1582013134.45169,14.88,0.63
1582013139.485757,14.88,0.63
1582013144.5100613,14.88,0.63
1582013149.5455997,14.88,0.63
1582013154.5269685,14.88,0.63
1582013159.9187593,14.88,0.63
1582013164.5553057,14.88,0.63
1582013169.6773965,14.88,0.63
1582013174.62219,14.88,0.63
1582013179.6046548,14.88,0.63
1582013184.640546,14.88,0.63
1582013189.6786957,14.88,0.63
1582013194.7804885,14.88,0.63
1582013199.9233732,14.88,0.63
1582013204.6852229,14.88,0.63
1582013209.7205465,14.88,0.63
1582013214.810531,14.88,0.63
1582013219.9284508,14.88,0.63
1582013224.7681348,14.88,0.63
1582013229.809185,14.88,0.63
1582013234.7895086,14.88,0.63
1582013239.8579211,14.88,0.63
1582013244.8587155,14.88,0.63
1582013249.870947,14.88,0.63
1582013254.9110324,14.88,0.63
1582013259.8812013,14.88,0.63
1582013264.8920467,14.87,0.63
1582013270.1028473,14.87,0.63
1582013274.9307852,14.87,0.63
1582013279.966961,14.88,0.63
1582013284.950587,14.87,0.63
1582013289.970272,14.87,0.63
1582013295.0005045,14.87,0.63
1582013300.0362182,14.87,0.63
1582013305.0616283,14.88,0.63
1582013310.0447843,14.87,0.63
1582013315.0742297,14.87,0.63
1582013320.1065736,14.87,0.63
1582013325.1284928,14.87,0.63
1582013330.1119397,14.87,0.63
1582013335.1396997,14.87,0.64
1582013340.1698163,14.86,0.64
1582013345.2024348,14.86,0.64
1582013350.166787,14.86,0.63
1582013355.2146082,14.86,0.63
1582013360.2494476,14.86,0.64
1582013365.2433252,14.86,0.63
1582013370.2770858,14.86,0.63
1582013375.2560875,14.86,0.64
1582013380.2913728,14.86,0.64
1582013385.3160255,14.86,0.63
1582013390.3240213,14.86,0.64
1582013395.352957,14.86,0.64
1582013400.3878994,14.86,0.63
1582013405.350124,14.86,0.64
1582013410.3809674,14.86,0.64
1582013415.436228,14.86,0.63
1582013420.4128292,14.86,0.63
1582013425.4537842,14.86,0.64
1582013430.489525,14.86,0.64
1582013435.459119,14.86,0.63
1582013440.4989705,14.86,0.63
1582013445.5397332,14.86,0.63
1582013450.5024476,14.86,0.63
1582013455.5421178,14.86,0.64
1582013460.573229,14.86,0.63
1582013465.5578096,14.86,0.63
1582013470.6186404,14.86,0.63
1582013475.5963273,14.86,0.63
1582013480.6283245,14.86,0.64
1582013485.6307077,14.86,0.64
1582013490.664997,14.86,0.63
1582013495.691083,14.86,0.63
1582013500.716413,14.86,0.64
1582013505.7416224,14.86,0.63
1582013510.715502,14.85,0.64
1582013515.744231,14.85,0.64
1582013520.7670639,14.85,0.63
1582013525.8025343,14.86,0.63
1582013530.7781012,14.85,0.63
1582013535.8269072,14.85,0.64
1582013540.8185444,14.85,0.64
1582013545.8220234,14.85,0.64
1582013550.8571794,14.85,0.64
1582013555.8907037,14.85,0.63
1582013560.91843,14.85,0.63
1582013565.8892925,14.85,0.63
1582013570.924242,14.85,0.64
1582013575.953726,14.85,0.64
1582013580.9881577,14.85,0.64
1582013585.956175,14.85,0.64
1582013591.0093377,14.85,0.64
1582013596.0352497,14.85,0.64
1582013601.0051944,14.85,0.64
1582013606.0424702,14.85,0.64
1582013611.070434,14.85,0.64
1582013616.101797,14.85,0.64
1582013621.0740876,14.85,0.63
1582013626.1080208,14.85,0.64
1582013631.150917,14.85,0.64
1582013636.1221085,14.85,0.63
1582013641.1540556,14.85,0.63
1582013646.1782494,14.85,0.63
1582013651.2020688,14.85,0.64
1582013656.225281,14.84,0.63
1582013661.206976,14.84,0.64
1582013666.2454154,14.84,0.64
1582013671.2683558,14.84,0.64
1582013676.2988503,14.84,0.63
1582013681.287377,14.84,0.64
1582013686.3211017,14.84,0.64
1582013691.358245,14.84,0.64
1582013696.3303509,14.84,0.64
1582013701.3539782,14.84,0.63
1582013706.3815053,14.84,0.64
1582013711.409371,14.84,0.63
1582013716.434143,14.84,0.64
1582013721.4329884,14.84,0.63
1582013726.4627526,14.84,0.63
1582013731.4898915,14.84,0.63
1582013736.459321,14.84,0.63
1582013741.4840314,14.84,0.64
1582013746.5155656,14.84,0.61
1582013751.5485172,14.84,0.64
1582013756.5272024,14.84,0.60
1582013761.5658083,14.84,0.66
1582013766.5958557,14.84,0.64
1582013771.624957,14.84,0.65
1582013776.5938118,14.84,0.63
1582013781.6192808,14.84,0.61
1582013786.6441631,14.84,0.64
1582013791.670906,14.84,0.65
1582013796.714556,14.84,0.62
1582013801.6839352,14.83,0.64
1582013806.7069085,14.84,0.63
1582013811.7254865,14.83,0.64
1582013816.7526352,14.83,0.65
1582013821.7846243,14.83,0.64
1582013826.759256,14.83,0.64
1582013831.8204935,14.84,0.63
1582013836.8002636,14.83,0.64
1582013841.816373,14.83,0.63
1582013846.8761616,14.83,0.64
1582013851.8525386,14.83,0.64
1582013856.8798954,14.83,0.64
1582013861.8789783,14.83,0.64
1582013866.9181843,14.83,0.64
1582013871.942535,14.83,0.63
1582013876.9278734,14.83,0.64
1582013881.973518,14.83,0.64
1582013886.9982052,14.83,0.64
1582013891.9752157,14.83,0.64
1582013897.002673,14.83,0.63
1582013902.0325792,14.83,0.64
1582013907.0570664,14.83,0.64
1582013912.07594,14.83,0.64
1582013917.107506,14.83,0.64
1582013922.0784047,14.83,0.63
1582013927.1044042,14.83,0.63
1582013932.13863,14.83,0.63
1582013937.1750526,14.83,0.64
1582013942.156978,14.83,0.64
1582013947.2005982,14.83,0.64
1582013952.1810718,14.83,0.63
1582013957.2059023,14.83,0.64
1582013962.2423897,14.83,0.64
1582013967.2253077,14.83,0.64
1582013972.273424,14.83,0.64
1582013977.3091042,14.83,0.64
1582013982.272935,14.83,0.64
1582013987.3061254,14.82,0.64
1582013992.3346536,14.83,0.64
1582013997.368282,14.82,0.64
1582014002.4010606,14.82,0.64
1582014007.3715556,14.83,0.64
1582014012.4078102,14.82,0.64
1582014017.441299,14.82,0.64
1582014022.4078913,14.82,0.64
1582014027.4469295,14.82,0.64
1582014032.4856029,14.82,0.64
1582014037.5119715,14.82,0.64
1582014042.47925,14.82,0.64
1582014047.5023196,14.82,0.64
1582014052.5516126,14.82,0.63
1582014057.5838327,14.82,0.64
1582014062.5568552,14.82,0.64
1582014067.5988023,14.82,0.64
1582014072.6351514,14.82,0.64
1582014077.5919724,14.82,0.64
1582014082.6181772,14.82,0.64
1582014087.6500092,14.82,0.64
1582014092.6720576,14.82,0.64
1582014097.711047,14.82,0.64
1582014102.6855223,14.82,0.64
1582014107.718949,14.82,0.64
1582014112.7521043,14.82,0.64
1582014117.784093,14.82,0.64
1582014122.7564995,14.82,0.64
1582014127.7859714,14.82,0.64
1582014132.8200061,14.82,0.64
1582014137.8443007,14.82,0.64
1582014142.8089197,14.82,0.64
1582014147.837327,14.82,0.64
1582014152.8689034,14.81,0.64
1582014157.9162788,14.82,0.64
1582014162.8811405,14.81,0.64
1582014167.906091,14.81,0.64
1582014172.9402225,14.81,0.64
1582014177.925835,14.81,0.64
1582014182.9529054,14.81,0.64
1582014187.9811938,14.81,0.64
1582014193.006603,14.81,0.64
1582014198.0320024,14.81,0.64
1582014203.0174243,14.81,0.64
1582014208.039854,14.81,0.64
1582014213.069503,14.81,0.64
1582014218.0958843,14.81,0.64
1582014223.126185,14.81,0.64
1582014228.1007452,14.81,0.64
1582014233.1357515,14.81,0.64
1582014238.1286564,14.81,0.64
1582014243.1600428,14.81,0.64
1582014248.1865404,14.81,0.64
1582014253.1864116,14.81,0.64
1582014258.2132316,14.81,0.64
1582014263.2171905,14.81,0.64
1582014268.247967,14.81,0.63
1582014273.2688227,14.81,0.64
1582014278.3093839,14.81,0.64
1582014283.2775419,14.81,0.64
1582014288.3068109,14.81,0.64
1582014293.339814,14.81,0.64
1582014298.3664682,14.81,0.64
1582014303.3532894,14.81,0.64
1582014308.3790357,14.81,0.63
1582014313.4078062,14.81,0.64
1582014318.4437697,14.81,0.64
1582014323.4235997,14.81,0.64
1582014328.4528222,14.81,0.64
1582014333.4923375,14.81,0.64
1582014338.4703918,14.81,0.64
1582014343.495309,14.81,0.64
1582014348.5252287,14.80,0.64
1582014353.546986,14.81,0.64
1582014358.589215,14.81,0.64
1582014363.5589228,14.81,0.64
1582014368.5986202,14.80,0.64
1582014373.6198115,14.80,0.64
1582014378.655753,14.80,0.64
1582014383.6122537,14.80,0.64
1582014388.6568232,14.80,0.64
1582014393.7025943,14.80,0.64
1582014398.670023,14.80,0.64
1582014403.6985126,14.80,0.64
1582014408.7249954,14.80,0.64
1582014413.7655106,14.80,0.64
1582014418.761365,14.80,0.64
1582014423.787954,14.80,0.64
1582014428.8129056,14.80,0.64
1582014433.779852,14.80,0.64
1582014438.8218157,14.80,0.64
1582014443.8429005,14.80,0.64
1582014448.8794591,14.80,0.64
1582014453.860911,14.80,0.64
1582014458.896067,14.80,0.64
1582014463.9256074,14.80,0.64
1582014468.904673,14.80,0.64
1582014473.938854,14.80,0.64
1582014478.9675596,14.80,0.64
1582014484.003575,14.80,0.64
1582014488.976831,14.80,0.64
1582014494.0045185,14.80,0.64
1582014499.0277731,14.80,0.64
1582014504.0682225,14.80,0.64
1582014509.0419583,14.79,0.64
1582014514.0822585,14.79,0.64
1582014519.113415,14.79,0.64
1582014524.0886471,14.79,0.64
1582014529.1092117,14.79,0.64
1582014534.1325402,14.79,0.64
1582014539.1533425,14.79,0.63
1582014544.1890898,14.79,0.64
1582014549.2153447,14.79,0.64
1582014554.1938565,14.79,0.64
1582014559.2228494,14.79,0.64
1582014564.2518418,14.79,0.64
1582014569.2867637,14.79,0.64
1582014574.261556,14.79,0.64
1582014579.2883236,14.79,0.64
1582014584.310268,14.79,0.64
1582014589.340455,14.79,0.64
1582014594.3607306,14.79,0.64
1582014599.3402061,14.79,0.64
1582014604.3789902,14.79,0.64
1582014609.4135697,14.79,0.64
1582014614.382406,14.79,0.64
1582014619.4208088,14.79,0.64
1582014624.4534159,14.79,0.64
1582014629.476015,14.79,0.64
1582014634.4538,14.79,0.64
1582014639.4819977,14.79,0.64
1582014644.516368,14.79,0.64
1582014649.5517902,14.79,0.63
1582014654.525142,14.79,0.64
1582014659.5579114,14.79,0.64
1582014664.594752,14.79,0.64
1582014669.5792048,14.79,0.64
1582014674.6222324,14.78,0.64
1582014679.659705,14.78,0.64
1582014684.6161897,14.78,0.64
1582014689.6406186,14.78,0.64
1582014694.6770327,14.78,0.64
1582014699.7077706,14.78,0.64
1582014704.7327826,14.78,0.64
1582014709.7030616,14.78,0.64
1582014714.7302535,14.78,0.64
1582014719.7575817,14.78,0.64
1582014724.7807424,14.78,0.64
1582014729.7689981,14.78,0.64
1582014734.7991745,14.78,0.64
1582014739.8386698,14.78,0.64
1582014744.864771,14.78,0.64
1582014749.8374846,14.78,0.64
1582014754.8753364,14.78,0.64
1582014759.9037037,14.78,0.64
1582014764.8838713,14.78,0.64
1582014769.9219437,14.78,0.64
1582014774.9472015,14.78,0.64
1582014779.9747672,14.78,0.64
1582014784.9620838,14.78,0.64
1582014789.9925435,14.78,0.64
1582014795.0209067,14.78,0.64
1582014800.0512033,14.78,0.64
1582014805.0401824,14.78,0.64
1582014810.063633,14.78,0.64
1582014815.0603697,14.78,0.64
1582014820.088362,14.78,0.64
1582014825.1197715,14.78,0.64
1582014830.1487954,14.78,0.64
1582014835.172085,14.78,0.64
1582014840.1402938,14.78,0.64
1582014845.171399,14.78,0.64
1582014850.2000327,14.78,0.64
1582014855.2268023,14.78,0.64
1582014860.2624767,14.77,0.64
1582014865.2200038,14.78,0.64
1582014870.2580101,14.78,0.64
1582014875.283845,14.78,0.64
1582014880.3183436,14.77,0.64
1582014885.2900486,14.78,0.64
1582014890.3225527,14.77,0.64
1582014895.3608499,14.77,0.64
1582014900.395579,14.77,0.64
1582014905.3598423,14.77,0.64
1582014910.378531,14.77,0.64
1582014915.4090226,14.77,0.64
1582014920.440087,14.77,0.64
1582014925.4239438,14.77,0.64
1582014930.4463568,14.77,0.64
1582014935.4779897,14.77,0.64
1582014940.5061383,14.77,0.64
1582014945.525489,14.77,0.64
1582014950.5563624,14.77,0.64
1582014955.5269,14.77,0.64
1582014960.549145,14.77,0.64
1582014965.5917244,14.77,0.64
1582014970.6208405,14.77,0.64
1582014975.594217,14.77,0.64
1582014980.626711,14.77,0.64
1582014985.6530228,14.77,0.64
1582014990.6806233,14.77,0.64
1582014995.6648734,14.77,0.64
1582015000.6969635,14.77,0.64
1582015005.7229438,14.76,0.64
1582015010.7538862,14.76,0.64
1582015015.7354548,14.76,0.64
1582015020.767139,14.76,0.64
1582015025.793131,14.76,0.64
1582015030.8181145,14.76,0.64
1582015035.7891977,14.76,0.64
1582015040.8235445,14.76,0.64
1582015045.8190699,14.76,0.64
1582015050.8730476,14.76,0.64
1582015055.899043,14.76,0.64
1582015060.8735197,14.76,0.64
1582015065.8993106,14.76,0.64
1582015070.9321542,14.76,0.64
1582015075.9626205,14.76,0.64
1582015080.9931872,14.76,0.64
1582015085.953798,14.76,0.64
1582015090.9901156,14.76,0.64
1582015096.0153787,14.76,0.64
1582015101.0363672,14.76,0.64
1582015106.0610874,14.76,0.64
1582015111.0896041,14.76,0.64
1582015116.058289,14.76,0.63
1582015121.0763364,14.76,0.64
1582015126.091978,14.76,0.64
1582015131.1178136,14.76,0.64
1582015136.1394353,14.76,0.64
1582015141.1643884,14.76,0.64
1582015146.1868057,14.76,0.64
1582015151.2107117,14.76,0.64
1582015156.2228498,14.76,0.64
1582015161.2455301,14.76,0.64
1582015166.2259865,14.76,0.64
1582015171.2538073,14.76,0.64
1582015176.2797048,14.76,0.64
1582015181.3002694,14.76,0.64
1582015186.3299534,14.76,0.64
1582015191.3140688,14.76,0.64
1582015196.3487787,14.76,0.64
1582015201.3777137,14.76,0.64
1582015206.3539982,14.76,0.64
1582015211.3712738,14.75,0.64
1582015216.4125547,14.76,0.63
1582015221.4406164,14.76,0.64
1582015226.459901,14.75,0.64
1582015231.4889576,14.75,0.64
1582015236.4665098,14.75,0.65
1582015241.4998257,14.76,0.64
1582015246.5207927,14.75,0.64
1582015251.550413,14.75,0.64
1582015256.570855,14.75,0.63
1582015261.558805,14.75,0.65
1582015266.5803123,14.75,0.64
1582015271.6178744,14.75,0.64
1582015276.6423945,14.75,0.65
1582015281.6158817,14.75,0.63
1582015286.6268902,14.75,0.64
1582015291.6614757,14.75,0.64
1582015296.691785,14.75,0.63
1582015301.7264223,14.75,0.65
1582015306.696207,14.75,0.64
1582015311.7270374,14.75,0.65
1582015316.7552168,14.75,0.65
1582015321.785435,14.75,0.66
1582015326.758971,14.75,0.65
1582015331.7883675,14.75,0.64
1582015336.8195796,14.74,0.66
1582015341.8538952,14.75,0.65
1582015346.860732,14.75,0.64
1582015351.886266,14.75,0.65
1582015356.8582036,14.75,0.65
1582015361.8961942,14.75,0.63
1582015366.926273,14.75,0.64
1582015371.9536746,14.74,0.66
1582015376.975787,14.75,0.64
1582015381.955742,14.75,0.63
1582015386.9809663,14.75,0.62
1582015391.9723694,14.75,0.63
1582015397.0125372,14.74,0.64
1582015402.020781,14.74,0.64
1582015407.044455,14.75,0.62
1582015412.0821197,14.74,0.65
1582015417.110949,14.74,0.64
1582015422.075681,14.74,0.65
1582015427.1059208,14.74,0.64
1582015432.1327732,14.74,0.64
1582015437.1665447,14.74,0.64
1582015442.1907384,14.74,0.63
1582015447.1714485,14.75,0.63
1582015452.2102637,14.74,0.64
1582015457.2365925,14.74,0.64
1582015462.2096987,14.74,0.64
1582015467.2414095,14.74,0.64
1582015472.2763464,14.74,0.63
1582015477.3096216,14.74,0.64
1582015482.281761,14.74,0.64
1582015487.317992,14.74,0.64
1582015492.3438866,14.74,0.64
1582015497.3678052,14.74,0.64
1582015502.3558145,14.74,0.64
1582015507.391406,14.74,0.64
1582015512.4223876,14.74,0.64
1582015517.3969762,14.74,0.64
1582015522.4125273,14.73,0.64
1582015527.439539,14.73,0.64
1582015532.489459,14.73,0.64
1582015537.512333,14.74,0.64
1582015542.4816864,14.74,0.64
1582015547.514911,14.73,0.64
1582015552.566916,14.73,0.64
1582015557.535451,14.73,0.64
1582015562.562269,14.73,0.64
1582015567.5946734,14.73,0.64
1582015572.590786,14.73,0.64
1582015577.5947647,14.73,0.64
1582015582.6347494,14.73,0.64
1582015587.793614,14.73,0.64
1582015592.6430624,14.73,0.64
1582015597.6949723,14.73,0.64
1582015602.735865,14.73,0.64
1582015607.7444298,14.73,0.64
1582015612.7159321,14.73,0.64
1582015617.7522078,14.73,0.64
1582015622.7969544,14.73,0.64
1582015627.7596638,14.73,0.64
1582015632.8971858,14.73,0.64
1582015637.833194,14.73,0.64
1582015642.8191373,14.73,0.64
1582015647.8675408,14.73,0.64
1582015652.9027321,14.73,0.64
1582015657.864433,14.73,0.64
1582015662.8906105,14.73,0.64
1582015667.9229567,14.73,0.64
1582015672.9720461,14.73,0.64
1582015678.1702342,14.73,0.64
1582015682.9513488,14.73,0.64
1582015687.9850974,14.73,0.64
1582015693.0269656,14.73,0.64
1582015698.1580553,14.73,0.64
1582015703.0153513,14.73,0.64
1582015708.054118,14.73,0.64
1582015713.0938234,14.73,0.64
1582015718.2790244,14.73,0.64
1582015723.111294,14.73,0.64
1582015728.1529207,14.73,0.64
1582015733.1261473,14.73,0.64
1582015738.1654503,14.73,0.64
1582015743.2063606,14.72,0.64
1582015748.5584078,14.72,0.64
1582015753.1883004,14.73,0.64
1582015758.2322023,14.72,0.64
1582015763.213958,14.72,0.64
1582015768.2584813,14.72,0.64
1582015773.2936947,14.72,0.64
1582015778.2640398,14.72,0.64
1582015783.2977014,14.72,0.64
1582015788.339868,14.72,0.64
1582015793.3257346,14.72,0.64
1582015798.3638911,14.72,0.64
1582015803.504831,14.72,0.64
1582015808.368843,14.72,0.64
1582015813.4088674,14.72,0.64
1582015818.4480276,14.72,0.64
1582015823.6333673,14.72,0.64
1582015828.472858,14.72,0.64
1582015833.4481792,14.72,0.64
1582015838.4822812,14.72,0.64
1582015843.644633,14.72,0.64
1582015848.7545884,14.72,0.64
1582015853.5163715,14.72,0.64
1582015858.5544126,14.72,0.64
1582015863.5967138,14.72,0.64
1582015868.568455,14.72,0.64
1582015873.972844,14.72,0.64
1582015879.0732565,14.72,0.64
1582015883.6656914,14.72,0.64
1582015888.6368053,14.72,0.64
1582015893.9738934,14.72,0.64
1582015898.7041645,14.72,0.64
1582015903.6826642,14.72,0.64
1582015908.7332137,14.72,0.64
1582015913.71569,14.72,0.64
1582015918.752775,14.71,0.64
1582015923.8264315,14.71,0.64
1582015928.7657778,14.71,0.64
1582015933.7863843,14.72,0.64
1582015938.82547,14.71,0.64
1582015943.8710625,14.71,0.64
1582015948.9989593,14.71,0.64
1582015954.118749,14.71,0.64
1582015959.3332214,14.71,0.64
1582015963.9561694,14.71,0.64
1582015969.0529003,14.71,0.64
1582015973.923753,14.71,0.64
1582015978.949713,14.71,0.64
1582015984.0047112,14.71,0.64
1582015988.9674735,14.71,0.64
1582015994.0029523,14.71,0.64
1582015999.0295427,14.71,0.64
1582016004.0171387,14.71,0.64
1582016009.0400183,14.71,0.64
1582016014.0621421,14.71,0.64
1582016019.1140292,14.71,0.64
1582016024.0887618,14.71,0.64
1582016029.123557,14.71,0.64
1582016034.1540616,14.71,0.64
1582016039.136455,14.71,0.64
1582016044.169438,14.71,0.64
1582016049.205214,14.71,0.64
1582016054.2343009,14.71,0.64
1582016059.2149384,14.71,0.64
1582016064.243391,14.71,0.64
1582016069.2787633,14.71,0.64
1582016074.250108,14.71,0.64
1582016079.2757683,14.71,0.64
1582016084.3126328,14.71,0.64
1582016089.3401113,14.71,0.64
1582016094.3671784,14.71,0.64
1582016099.3356426,14.71,0.64
1582016104.3658502,14.71,0.64
1582016109.397516,14.71,0.64
1582016114.4228368,14.71,0.64
1582016119.4135487,14.71,0.64
1582016124.4256744,14.71,0.64
1582016129.4726398,14.71,0.64
1582016134.4999523,14.70,0.64
1582016139.4800134,14.70,0.64
1582016144.5121422,14.70,0.64
1582016149.5410867,14.70,0.64
1582016154.5206175,14.70,0.64
1582016159.5488403,14.70,0.64
1582016164.5809808,14.70,0.65
1582016169.6164563,14.70,0.64
1582016174.6067986,14.70,0.64
1582016179.6341841,14.70,0.64
1582016184.6649246,14.70,0.64
1582016189.6467235,14.70,0.64
1582016194.6733375,14.70,0.64
1582016199.7000496,14.70,0.64
1582016204.730975,14.70,0.64
1582016209.7119348,14.70,0.64
1582016214.754055,14.70,0.64
1582016219.78132,14.70,0.64
1582016224.8158844,14.70,0.64
1582016229.81095,14.70,0.64
1582016234.8262656,14.70,0.64
1582016239.8470674,14.70,0.64
1582016244.81967,14.70,0.64
1582016249.8419955,14.70,0.64
1582016254.8753438,14.70,0.64
1582016259.9164345,14.70,0.64
1582016264.9419034,14.70,0.64
1582016269.9023745,14.70,0.64
1582016274.9228196,14.70,0.64
1582016279.9497416,14.70,0.64
1582016284.9741883,14.69,0.64
1582016290.0100827,14.69,0.64
1582016295.0350752,14.70,0.64
1582016300.0156045,14.69,0.64
1582016305.0482612,14.69,0.64
1582016310.0908635,14.69,0.64
1582016315.1165318,14.69,0.64
1582016320.0721624,14.69,0.64
1582016325.1083062,14.69,0.64
1582016330.1386366,14.69,0.64
1582016335.177706,14.69,0.64
1582016340.149318,14.69,0.64
1582016345.1784596,14.69,0.64
1582016350.2120793,14.69,0.65
1582016355.2341933,14.69,0.64
1582016360.2151268,14.69,0.64
1582016365.2233756,14.69,0.64
1582016370.2543101,14.69,0.64
1582016375.289946,14.69,0.64
1582016380.322825,14.69,0.64
1582016385.2977233,14.69,0.64
1582016390.3262749,14.69,0.64
1582016395.3548906,14.69,0.64
1582016400.3819351,14.69,0.64
1582016405.3621979,14.69,0.64
1582016410.4041116,14.69,0.64
1582016415.449625,14.69,0.64
1582016420.4132004,14.69,0.64
1582016425.4494398,14.69,0.64
1582016430.4724908,14.69,0.64
1582016435.500779,14.69,0.64
1582016440.4753668,14.69,0.64
1582016445.5252128,14.69,0.64
1582016450.5151381,14.69,0.64
1582016455.5469499,14.69,0.64
1582016460.5734107,14.69,0.64
1582016465.604192,14.68,0.64
1582016470.5763445,14.68,0.64
1582016475.6099172,14.68,0.64
1582016480.6449182,14.68,0.64
1582016485.633711,14.68,0.64
1582016490.6442368,14.68,0.64
1582016495.6866932,14.68,0.65
1582016500.7216954,14.68,0.64
1582016505.6960118,14.68,0.64
1582016510.7199569,14.68,0.64
1582016515.726662,14.68,0.64
1582016520.768387,14.68,0.64
1582016525.8101285,14.68,0.64
1582016530.7826688,14.68,0.64
1582016535.8181534,14.68,0.65
1582016540.8404353,14.68,0.64
1582016545.8319266,14.68,0.64
1582016550.8365524,14.68,0.64
1582016555.8596292,14.68,0.64
1582016560.8735702,14.68,0.64
1582016565.917247,14.68,0.64
1582016570.9191093,14.68,0.64
1582016575.952657,14.68,0.64
1582016580.9776363,14.68,0.64
1582016585.9540782,14.68,0.64
1582016591.0091863,14.68,0.64
1582016596.048651,14.68,0.64
1582016601.008171,14.68,0.64
1582016606.0270321,14.68,0.64
1582016611.0723798,14.68,0.64
1582016616.3541865,14.68,0.64
1582016621.0828094,14.68,0.64
1582016626.1201582,14.68,0.64
1582016631.1476517,14.68,0.64
1582016636.1751366,14.68,0.64
1582016641.1421702,14.68,0.64
1582016646.1747463,14.68,0.64
1582016651.3319173,14.68,0.65
1582016656.2219534,14.68,0.64
1582016661.2060585,14.68,0.65
1582016666.2406766,14.68,0.64
1582016671.3991063,14.67,0.64
1582016676.2583115,14.67,0.65
1582016681.6212363,14.67,0.65
1582016686.294768,14.67,0.64
1582016691.3946688,14.67,0.64
1582016696.336267,14.67,0.64
1582016701.6482062,14.68,0.65
1582016706.38267,14.67,0.64
1582016711.4463532,14.67,0.64
1582016716.631865,14.67,0.64
1582016721.412321,14.67,0.65
1582016726.4378862,14.67,0.65
1582016731.4548104,14.67,0.65
1582016736.4886327,14.67,0.65
1582016741.5205116,14.67,0.64
1582016746.8581514,14.67,0.64
1582016751.5119972,14.67,0.64
1582016756.5518737,14.67,0.65
1582016761.711128,14.67,0.65
1582016766.9230354,14.67,0.64
1582016772.0515215,14.67,0.64
1582016776.6022615,14.67,0.61
1582016781.7619386,14.67,0.64
1582016786.9417796,14.67,0.65
1582016791.6811295,14.67,0.64
1582016796.7096794,14.67,0.65
1582016801.7709012,14.67,0.64
1582016806.9691968,14.67,0.64
1582016811.712946,14.67,0.66
1582016816.7530332,14.66,0.66
1582016821.8331316,14.67,0.66
1582016826.9360287,14.67,0.65
1582016831.7775197,14.66,0.65
1582016836.8150053,14.66,0.67
1582016841.813668,14.67,0.65
1582016846.8445685,14.66,0.65
1582016851.886855,14.66,0.66
1582016856.9022803,14.67,0.63
1582016862.027863,14.67,0.63
1582016866.896181,14.66,0.66
1582016871.9233358,14.66,0.65
1582016876.9625819,14.67,0.63
1582016881.9513612,14.66,0.65
1582016886.9850373,14.66,0.65
1582016892.0235589,14.66,0.64
1582016896.9931998,14.66,0.65
1582016902.0307984,14.66,0.64
1582016907.0771205,14.66,0.64
1582016912.400852,14.66,0.64
1582016917.0599403,14.66,0.64
1582016922.0992255,14.66,0.64
1582016927.1276822,14.66,0.64
1582016932.1582425,14.66,0.64
1582016937.1364923,14.66,0.64
1582016942.166377,14.66,0.64
1582016947.195856,14.66,0.65
1582016952.229722,14.66,0.64
1582016957.1960135,14.66,0.64
1582016962.2668307,14.66,0.64
1582016967.2598722,14.66,0.64
1582016972.2521417,14.66,0.65
1582016977.282386,14.65,0.64
1582016982.30036,14.68,0.64
1582016987.3186688,14.68,0.64
1582016992.3446286,14.68,0.64
1582016997.3752797,14.68,0.64
1582017002.3575778,14.68,0.65
1582017007.3856442,14.68,0.64
1582017012.419493,14.68,0.64
1582017017.4459827,14.66,0.64
1582017022.4120324,14.68,0.64
1582017027.444191,14.65,0.64
1582017032.4707174,14.66,0.65
1582017037.500631,14.66,0.64
1582017042.4825227,14.66,0.65
1582017047.504742,14.66,0.64
1582017052.536574,14.66,0.64
1582017057.573867,14.66,0.64
1582017062.5974953,14.66,0.64
1582017067.5628562,14.65,0.64
1582017072.5862553,14.66,0.64
1582017077.607481,14.65,0.64
1582017082.6114736,14.66,0.64
1582017087.6463125,14.65,0.64
1582017092.676163,14.65,0.64
1582017097.702299,14.65,0.64
1582017102.6908383,14.65,0.64
1582017107.7238483,14.65,0.64
1582017112.7172606,14.65,0.64
1582017117.7406654,14.65,0.64
1582017122.7663498,14.65,0.64
1582017127.7858193,14.65,0.64
1582017132.8238082,14.65,0.64
1582017137.7934928,14.65,0.64
1582017142.8148391,14.65,0.64
1582017147.8382287,14.65,0.65
1582017152.8715746,14.65,0.64
1582017157.8936968,14.65,0.65
1582017162.9218397,14.65,0.64
1582017167.9490645,14.65,0.65
1582017172.911649,14.65,0.64
1582017177.9418523,14.65,0.64
1582017182.9623775,14.65,0.64
1582017187.9929452,14.65,0.65
1582017193.031943,14.65,0.65
1582017197.997429,14.65,0.64
1582017203.0218112,14.65,0.64
1582017208.0427856,14.65,0.65
1582017213.06938,14.65,0.65
1582017218.0921075,14.65,0.64
1582017223.1169477,14.65,0.64
1582017228.1374779,14.65,0.65
1582017233.147701,14.65,0.65
1582017238.1821082,14.65,0.64
1582017243.145418,14.65,0.64
1582017248.1763859,14.65,0.64
1582017253.2019594,14.65,0.64
1582017258.2278419,14.65,0.64
1582017263.2560523,14.64,0.64
1582017268.235642,14.65,0.64
1582017273.261077,14.65,0.65
1582017278.2741792,14.64,0.64
1582017283.3120174,14.65,0.65
1582017288.3388603,14.65,0.64
1582017293.3546493,14.64,0.64
1582017298.379499,14.64,0.64
1582017303.3948736,14.64,0.64
1582017308.3669574,14.64,0.64
1582017313.4024704,14.64,0.65
1582017318.4346511,14.64,0.64
1582017323.4566345,14.64,0.64
1582017328.484138,14.64,0.65
1582017333.455214,14.64,0.65
1582017338.4953353,14.64,0.65
1582017343.5183148,14.64,0.65
1582017348.539626,14.64,0.64
1582017353.513614,14.64,0.65
1582017358.532935,14.64,0.65
1582017363.5629563,14.64,0.64
1582017368.599548,14.64,0.65
1582017373.6138573,14.64,0.64
1582017378.6370938,14.64,0.65
1582017383.6596754,14.64,0.65
1582017388.6308641,14.64,0.65
1582017393.6627154,14.64,0.64
1582017398.695855,14.64,0.64
1582017403.7306218,14.64,0.64
1582017408.694711,14.64,0.65
1582017413.725254,14.64,0.64
1582017418.7418401,14.64,0.65
1582017423.7659445,14.64,0.64
1582017428.7884285,14.64,0.65
1582017433.81432,14.64,0.65
1582017438.8345344,14.64,0.64
1582017443.8574405,14.64,0.64
1582017448.875805,14.63,0.64
1582017453.849447,14.64,0.64
1582017458.8712769,14.63,0.64
1582017463.8931932,14.63,0.64
1582017468.917511,14.63,0.65
1582017473.943237,14.63,0.64
1582017478.9650445,14.63,0.64
1582017483.9936237,14.63,0.65
1582017489.0169332,14.63,0.64
1582017493.984984,14.63,0.64
1582017499.0094082,14.63,0.64
1582017504.035815,14.63,0.64
1582017509.0601115,14.63,0.65
1582017514.0884824,14.63,0.64
1582017519.1098719,14.63,0.64
1582017524.1325557,14.63,0.64
1582017529.1008902,14.63,0.64
1582017534.1259825,14.63,0.64
1582017539.1500695,14.63,0.64
1582017544.1801581,14.63,0.64
1582017549.211585,14.63,0.64
1582017554.232694,14.63,0.64
1582017559.2477067,14.63,0.64
1582017564.2163253,14.63,0.64
1582017569.2444704,14.63,0.64
1582017574.263815,14.63,0.64
1582017579.2884138,14.63,0.64
1582017584.3169174,14.63,0.65
1582017589.3444588,14.63,0.65
1582017594.3736315,14.63,0.64
1582017599.329654,14.63,0.65
1582017604.359589,14.63,0.64
1582017609.383866,14.63,0.64
1582017614.4138148,14.63,0.65
1582017619.4416196,14.63,0.64
1582017624.4221475,14.63,0.65
1582017629.4495776,14.63,0.65
1582017634.4846811,14.63,0.64
1582017639.5005202,14.63,0.65
1582017644.5278769,14.63,0.64
1582017649.5065663,14.63,0.65
1582017654.5382485,14.63,0.65
1582017659.5659566,14.63,0.64
1582017664.5970268,14.63,0.64
1582017669.5721185,14.62,0.64
1582017674.604293,14.62,0.64
1582017679.641101,14.62,0.64
1582017684.6223388,14.62,0.65
1582017689.647129,14.62,0.65
1582017694.6711738,14.62,0.64
1582017699.6994498,14.62,0.64
1582017704.7209072,14.62,0.65
1582017709.7451124,14.62,0.65
1582017714.7179298,14.62,0.65
1582017719.7467198,14.62,0.65
1582017724.7768137,14.62,0.65
1582017729.7983928,14.62,0.65
1582017734.833997,14.62,0.65
1582017739.808401,14.62,0.65
1582017744.8425162,14.62,0.65
1582017749.875587,14.62,0.64
1582017754.8556645,14.62,0.64
1582017759.8812945,14.62,0.64
1582017764.906147,14.62,0.64
1582017769.9395392,14.62,0.64
1582017774.9238358,14.62,0.64
1582017779.9543965,14.62,0.64
1582017784.9847357,14.62,0.64
1582017789.9682288,14.62,0.64
1582017794.9954605,14.62,0.65
1582017800.0354183,14.62,0.65
1582017805.0576499,14.62,0.64
1582017810.0392103,14.62,0.65
1582017815.0690024,14.62,0.65
1582017820.1026793,14.62,0.64
1582017825.1277118,14.62,0.65
1582017830.151379,14.61,0.65
1582017835.1176333,14.62,0.64
1582017840.1525269,14.61,0.65
1582017845.1935709,14.61,0.65
1582017850.2198825,14.61,0.65
1582017855.189274,14.61,0.64
1582017860.2219472,14.61,0.64
1582017865.2583096,14.61,0.65
1582017870.2410703,14.61,0.65
1582017875.2771785,14.61,0.65
1582017880.3094282,14.61,0.65
1582017885.2907221,14.61,0.65
1582017890.324267,14.61,0.64
1582017895.3599913,14.61,0.65
1582017900.3868363,14.61,0.65
1582017905.3589041,14.61,0.64
1582017910.390411,14.61,0.65
1582017915.4167702,14.61,0.65
1582017920.4445984,14.61,0.64
1582017925.4685192,14.61,0.65
1582017930.4414048,14.61,0.65
1582017935.4740233,14.61,0.64
1582017940.505342,14.61,0.65
1582017945.5380542,14.61,0.64
1582017950.5066724,14.61,0.65
1582017955.5452702,14.61,0.65
1582017960.5793352,14.61,0.64
1582017965.554544,14.61,0.65
1582017970.583247,14.61,0.64
1582017975.609448,14.61,0.64
1582017980.6468387,14.61,0.65
1582017985.6251376,14.61,0.65
1582017990.6570191,14.61,0.65
1582017995.6794512,14.61,0.64
1582018000.7149272,14.60,0.65
1582018005.6947753,14.61,0.64
1582018010.72543,14.60,0.64
1582018015.757902,14.61,0.65
1582018020.7897706,14.60,0.65
1582018025.7589297,14.60,0.65
1582018030.7909594,14.60,0.65
1582018035.8090198,14.60,0.64
1582018040.8487058,14.60,0.65
1582018045.8176827,14.60,0.65
1582018050.8494985,14.60,0.65
1582018055.8845317,14.60,0.65
1582018060.913367,14.60,0.65
1582018065.9414728,14.60,0.65
1582018070.9107082,14.62,0.65
1582018075.9386806,14.63,0.64
1582018080.9744985,14.63,0.65
1582018086.0061371,14.62,0.65
1582018090.9726608,14.63,0.65
1582018095.9982662,14.62,0.65
1582018101.0299702,14.61,0.65
1582018106.0693982,14.61,0.65
1582018111.0424404,14.61,0.64
1582018116.0727704,14.61,0.63
1582018121.0954301,14.61,0.64
1582018126.1321743,14.61,0.64
1582018131.111783,14.61,0.64
1582018136.1386087,14.61,0.63
1582018141.175282,14.61,0.65
1582018146.2043588,14.61,0.64
1582018151.1693575,14.61,0.64
1582018156.1970506,14.61,0.63
1582018161.2272034,14.61,0.64
1582018166.252376,14.61,0.65
1582018171.2851627,14.61,0.64
1582018176.2526667,14.61,0.63
1582018181.2813349,14.61,0.65
1582018186.3121681,14.61,0.64
1582018191.3356688,14.61,0.64
1582018196.3687768,14.61,0.63
1582018201.344592,14.60,0.63
1582018206.386135,14.60,0.65
1582018211.4210417,14.61,0.66
1582018216.392815,14.60,0.65
1582018221.4268196,14.60,0.66
1582018226.4633515,14.60,0.66
1582018231.4921014,14.61,0.66
1582018236.4594045,14.61,0.63
1582018241.4822633,14.60,0.66
1582018246.5145023,14.60,0.64
1582018251.5407083,14.60,0.66
1582018256.576018,14.61,0.63
1582018261.5455277,14.60,0.66
1582018266.5712342,14.60,0.64
1582018271.5952837,14.60,0.66
1582018276.6217365,14.60,0.65
1582018281.6452875,14.60,0.64
1582018286.669771,14.60,0.65
1582018291.6398242,14.60,0.64
1582018296.6645062,14.60,0.66
1582018301.6916528,14.60,0.65
1582018306.7261372,14.60,0.64
1582018311.754272,14.60,0.64
1582018316.7276576,14.60,0.64
1582018321.7601664,14.60,0.64
1582018326.7875652,14.60,0.65
1582018331.8082962,14.60,0.65
1582018336.8387995,14.60,0.64
1582018341.8061953,14.60,0.65
1582018346.827474,14.60,0.65
1582018351.8479824,14.60,0.65
1582018356.8705623,14.60,0.65
1582018361.8975103,14.60,0.65
1582018366.9200175,14.60,0.65
1582018371.950407,14.60,0.65
1582018376.9223475,14.60,0.65
1582018381.9502978,14.60,0.65
1582018386.9786036,14.60,0.65
1582018391.9977658,14.60,0.65
1582018397.0292876,14.60,0.65
1582018402.0587595,14.60,0.65
1582018407.0219607,14.60,0.65
1582018412.0440147,14.60,0.64
1582018417.0742166,14.60,0.65
1582018422.1047754,14.60,0.65
1582018427.1330826,14.60,0.65
1582018432.1119533,14.60,0.65
1582018437.1398675,14.60,0.65
1582018442.1776206,14.59,0.65
1582018447.2156432,14.60,0.65
1582018452.1833158,14.59,0.65
1582018457.2116854,14.59,0.65
1582018462.2377303,14.59,0.65
1582018467.26425,14.59,0.65
1582018472.2834752,14.59,0.65
1582018477.31515,14.59,0.65
1582018482.277728,14.59,0.65
1582018487.3184986,14.59,0.65
1582018492.3475451,14.59,0.65
1582018497.3724704,14.59,0.65
1582018502.3500292,14.59,0.65
1582018507.3844693,14.59,0.65
1582018512.4128566,14.59,0.65
1582018517.4332864,14.59,0.65
1582018522.457959,14.59,0.65
1582018527.423297,14.59,0.65
1582018532.4572546,14.59,0.65
1582018537.4902143,14.59,0.65
1582018542.5172906,14.59,0.65
1582018547.4996438,14.59,0.65
1582018552.5290687,14.59,0.65
1582018557.5563855,14.59,0.65
1582018562.5867956,14.59,0.65
1582018567.5652509,14.59,0.65
1582018572.5957065,14.59,0.65
1582018577.622875,14.59,0.65
1582018582.6516557,14.59,0.65
1582018587.6849513,14.59,0.65
1582018592.6430824,14.59,0.65
1582018597.6775374,14.59,0.65
1582018602.7052305,14.59,0.65
1582018607.7232804,14.59,0.65
1582018612.7528179,14.59,0.65
1582018617.734706,14.59,0.65
1582018622.7628996,14.59,0.65
1582018627.8006115,14.59,0.65
1582018632.7837822,14.58,0.65
1582018637.8102796,14.58,0.65
1582018642.8379643,14.59,0.65
1582018647.8712783,14.58,0.65
1582018652.8949625,14.58,0.65
1582018657.8582394,14.58,0.65
1582018662.8872318,14.58,0.65
1582018667.923878,14.58,0.65
1582018672.950162,14.58,0.65
1582018677.9792342,14.58,0.65
1582018682.9455464,14.58,0.65
1582018687.977981,14.58,0.65
1582018693.0027325,14.58,0.65
1582018698.0365877,14.58,0.65
1582018703.0673385,14.58,0.65
1582018708.0307937,14.58,0.65
1582018713.048601,14.58,0.65
1582018718.0704472,14.58,0.65
1582018723.1022725,14.58,0.65
1582018728.135107,14.58,0.65
1582018733.1664066,14.69,0.02
1582018738.1346824,14.69,0.02
1582018743.1705816,14.69,0.02
1582018748.2007656,14.69,0.02
1582018753.1911786,14.69,0.02
